date,cumul_mm,source
1997-01-01,0.00,comephore
1997-01-02,74.00,comephore
1997-01-03,34.00,comephore
1997-01-04,21.00,comephore
1997-01-05,0.00,comephore
1997-01-06,0.00,comephore
1997-01-07,0.00,comephore
1997-01-08,28.00,comephore
1997-01-09,44.00,comephore
1997-01-10,30.00,comephore
1997-01-11,0.00,comephore
1997-01-12,0.00,comephore
1997-01-13,0.00,comephore
1997-01-14,0.00,comephore
1997-01-15,0.00,comephore
1997-01-16,0.00,comephore
1997-01-17,9.00,comephore
1997-01-18,32.00,comephore
1997-01-19,167.00,comephore
1997-01-20,34.00,comephore
1997-01-21,79.00,comephore
1997-01-22,41.00,comephore
1997-01-23,22.00,comephore
1997-01-24,0.00,comephore
1997-01-25,0.00,comephore
1997-01-26,0.00,comephore
1997-01-27,0.00,comephore
1997-01-28,0.00,comephore
1997-01-29,0.00,comephore
1997-01-30,0.00,comephore
1997-01-31,0.00,comephore
1997-02-01,0.00,comephore
1997-02-02,0.00,comephore
1997-02-03,0.00,comephore
1997-02-04,0.00,comephore
1997-02-05,66.00,comephore
1997-02-06,0.00,comephore
1997-02-07,0.00,comephore
1997-02-08,0.00,comephore
1997-02-09,0.00,comephore
1997-02-10,0.00,comephore
1997-02-11,61.00,comephore
1997-02-12,7.00,comephore
1997-02-13,44.00,comephore
1997-02-14,108.00,comephore
1997-02-15,51.00,comephore
1997-02-16,3.00,comephore
1997-02-17,9.00,comephore
1997-02-18,47.00,comephore
1997-02-19,0.00,comephore
1997-02-20,16.00,comephore
1997-02-21,0.00,comephore
1997-02-22,0.00,comephore
1997-02-23,0.00,comephore
1997-02-24,32.00,comephore
1997-02-25,81.00,comephore
1997-02-26,67.00,comephore
1997-02-27,2.00,comephore
1997-02-28,0.00,comephore
1997-03-01,0.00,comephore
1997-03-02,0.00,comephore
1997-03-03,0.00,comephore
1997-03-04,0.00,comephore
1997-03-05,0.00,comephore
1997-03-06,0.00,comephore
1997-03-07,0.00,comephore
1997-03-08,0.00,comephore
1997-03-09,0.00,comephore
1997-03-10,0.00,comephore
1997-03-11,0.00,comephore
1997-03-12,0.00,comephore
1997-03-13,0.00,comephore
1997-03-14,17.00,comephore
1997-03-15,1.00,comephore
1997-03-16,4.00,comephore
1997-03-17,0.00,comephore
1997-03-18,2.00,comephore
1997-03-19,81.00,comephore
1997-03-20,0.00,comephore
1997-03-21,0.00,comephore
1997-03-22,0.00,comephore
1997-03-23,0.00,comephore
1997-03-24,5.00,comephore
1997-03-25,11.00,comephore
1997-03-26,0.00,comephore
1997-03-27,0.00,comephore
1997-03-28,8.00,comephore
1997-03-29,0.00,comephore
1997-03-30,0.00,comephore
1997-03-31,0.00,comephore
1997-04-01,0.00,comephore
1997-04-02,0.00,comephore
1997-04-03,0.00,comephore
1997-04-04,0.00,comephore
1997-04-05,0.00,comephore
1997-04-06,9.00,comephore
1997-04-07,0.00,comephore
1997-04-08,0.00,comephore
1997-04-09,0.00,comephore
1997-04-10,0.00,comephore
1997-04-11,0.00,comephore
1997-04-12,0.00,comephore
1997-04-13,0.00,comephore
1997-04-14,0.00,comephore
1997-04-15,0.00,comephore
1997-04-16,0.00,comephore
1997-04-17,0.00,comephore
1997-04-18,0.00,comephore
1997-04-19,0.00,comephore
1997-04-20,5.00,comephore
1997-04-21,0.00,comephore
1997-04-22,0.00,comephore
1997-04-23,0.00,comephore
1997-04-24,0.00,comephore
1997-04-25,13.00,comephore
1997-04-26,279.00,comephore
1997-04-27,256.00,comephore
1997-04-28,28.00,comephore
1997-04-29,93.00,comephore
1997-04-30,26.00,comephore
1997-05-01,0.00,comephore
1997-05-02,0.00,comephore
1997-05-03,0.00,comephore
1997-05-04,12.00,comephore
1997-05-05,121.00,comephore
1997-05-06,281.00,comephore
1997-05-07,14.00,comephore
1997-05-08,0.00,comephore
1997-05-09,166.00,comephore
1997-05-10,0.00,comephore
1997-05-11,44.00,comephore
1997-05-12,75.00,comephore
1997-05-13,4.00,comephore
1997-05-14,48.00,comephore
1997-05-15,74.00,comephore
1997-05-16,3.00,comephore
1997-05-17,34.00,comephore
1997-05-18,87.00,comephore
1997-05-19,1.00,comephore
1997-05-20,133.00,comephore
1997-05-21,76.00,comephore
1997-05-22,6.00,comephore
1997-05-23,0.00,comephore
1997-05-24,0.00,comephore
1997-05-25,0.00,comephore
1997-05-26,0.00,comephore
1997-05-27,0.00,comephore
1997-05-28,0.00,comephore
1997-05-29,0.00,comephore
1997-05-30,0.00,comephore
1997-05-31,0.00,comephore
1997-06-01,0.00,comephore
1997-06-02,0.00,comephore
1997-06-03,0.00,comephore
1997-06-04,0.00,comephore
1997-06-05,17.00,comephore
1997-06-06,42.00,comephore
1997-06-07,1.00,comephore
1997-06-08,28.00,comephore
1997-06-09,0.00,comephore
1997-06-10,0.00,comephore
1997-06-11,0.00,comephore
1997-06-12,21.00,comephore
1997-06-13,74.00,comephore
1997-06-14,42.00,comephore
1997-06-15,0.00,comephore
1997-06-16,19.00,comephore
1997-06-17,7.00,comephore
1997-06-18,0.00,comephore
1997-06-19,2.00,comephore
1997-06-20,57.00,comephore
1997-06-21,511.00,comephore
1997-06-22,77.00,comephore
1997-06-23,44.00,comephore
1997-06-24,29.00,comephore
1997-06-25,41.00,comephore
1997-06-26,219.00,comephore
1997-06-27,130.00,comephore
1997-06-28,4.00,comephore
1997-06-29,49.00,comephore
1997-06-30,154.00,comephore
1997-07-01,1.00,comephore
1997-07-02,17.00,comephore
1997-07-03,40.00,comephore
1997-07-04,36.00,comephore
1997-07-05,74.00,comephore
1997-07-06,0.00,comephore
1997-07-07,12.00,comephore
1997-07-08,0.00,comephore
1997-07-09,0.00,comephore
1997-07-10,165.00,comephore
1997-07-11,34.00,comephore
1997-07-12,0.00,comephore
1997-07-13,0.00,comephore
1997-07-14,89.00,comephore
1997-07-15,0.00,comephore
1997-07-16,0.00,comephore
1997-07-17,0.00,comephore
1997-07-18,208.00,comephore
1997-07-19,5.00,comephore
1997-07-20,5.00,comephore
1997-07-21,1.00,comephore
1997-07-22,0.00,comephore
1997-07-23,61.00,comephore
1997-07-24,98.00,comephore
1997-07-25,70.00,comephore
1997-07-26,66.00,comephore
1997-07-27,0.00,comephore
1997-07-28,0.00,comephore
1997-07-29,0.00,comephore
1997-07-30,0.00,comephore
1997-07-31,0.00,comephore
1997-08-01,0.00,comephore
1997-08-02,0.00,comephore
1997-08-03,0.00,comephore
1997-08-04,0.00,comephore
1997-08-05,5.00,comephore
1997-08-06,0.00,comephore
1997-08-07,13.00,comephore
1997-08-08,2.00,comephore
1997-08-09,0.00,comephore
1997-08-10,0.00,comephore
1997-08-11,88.00,comephore
1997-08-12,0.00,comephore
1997-08-13,0.00,comephore
1997-08-14,0.00,comephore
1997-08-15,0.00,comephore
1997-08-16,0.00,comephore
1997-08-17,0.00,comephore
1997-08-18,0.00,comephore
1997-08-19,0.00,comephore
1997-08-20,0.00,comephore
1997-08-21,0.00,comephore
1997-08-22,0.00,comephore
1997-08-23,0.00,comephore
1997-08-24,0.00,comephore
1997-08-25,0.00,comephore
1997-08-26,0.00,comephore
1997-08-27,122.00,comephore
1997-08-28,296.00,comephore
1997-08-29,10.00,comephore
1997-08-30,64.00,comephore
1997-08-31,0.00,comephore
1997-09-01,0.00,comephore
1997-09-02,88.00,comephore
1997-09-03,14.00,comephore
1997-09-04,0.00,comephore
1997-09-05,0.00,comephore
1997-09-06,43.00,comephore
1997-09-07,0.00,comephore
1997-09-08,0.00,comephore
1997-09-09,0.00,comephore
1997-09-10,0.00,comephore
1997-09-11,0.00,comephore
1997-09-12,122.00,comephore
1997-09-13,46.00,comephore
1997-09-14,0.00,comephore
1997-09-15,0.00,comephore
1997-09-16,0.00,comephore
1997-09-17,0.00,comephore
1997-09-18,0.00,comephore
1997-09-19,0.00,comephore
1997-09-20,0.00,comephore
1997-09-21,0.00,comephore
1997-09-22,0.00,comephore
1997-09-23,0.00,comephore
1997-09-24,0.00,comephore
1997-09-25,0.00,comephore
1997-09-26,0.00,comephore
1997-09-27,0.00,comephore
1997-09-28,1.00,comephore
1997-09-29,0.00,comephore
1997-09-30,0.00,comephore
1997-10-01,0.00,comephore
1997-10-02,0.00,comephore
1997-10-03,0.00,comephore
1997-10-04,0.00,comephore
1997-10-05,0.00,comephore
1997-10-06,0.00,comephore
1997-10-07,93.00,comephore
1997-10-08,0.00,comephore
1997-10-09,0.00,comephore
1997-10-10,147.00,comephore
1997-10-11,43.00,comephore
1997-10-12,54.00,comephore
1997-10-13,34.00,comephore
1997-10-14,21.00,comephore
1997-10-15,93.00,comephore
1997-10-16,49.00,comephore
1997-10-17,0.00,comephore
1997-10-18,0.00,comephore
1997-10-19,0.00,comephore
1997-10-20,0.00,comephore
1997-10-21,1.00,comephore
1997-10-22,0.00,comephore
1997-10-23,2.00,comephore
1997-10-24,0.00,comephore
1997-10-25,0.00,comephore
1997-10-26,0.00,comephore
1997-10-27,0.00,comephore
1997-10-28,0.00,comephore
1997-10-29,0.00,comephore
1997-10-30,0.00,comephore
1997-10-31,0.00,comephore
1997-11-01,0.00,comephore
1997-11-02,0.00,comephore
1997-11-03,0.00,comephore
1997-11-04,56.00,comephore
1997-11-05,276.00,comephore
1997-11-06,77.00,comephore
1997-11-07,77.00,comephore
1997-11-08,24.00,comephore
1997-11-09,118.00,comephore
1997-11-10,28.00,comephore
1997-11-11,315.00,comephore
1997-11-12,113.00,comephore
1997-11-13,0.00,comephore
1997-11-14,0.00,comephore
1997-11-15,0.00,comephore
1997-11-16,92.00,comephore
1997-11-17,0.00,comephore
1997-11-18,0.00,comephore
1997-11-19,54.00,comephore
1997-11-20,73.00,comephore
1997-11-21,4.00,comephore
1997-11-22,0.00,comephore
1997-11-23,0.00,comephore
1997-11-24,0.00,comephore
1997-11-25,0.00,comephore
1997-11-26,0.00,comephore
1997-11-27,1.00,comephore
1997-11-28,57.00,comephore
1997-11-29,17.00,comephore
1997-11-30,21.00,comephore
1997-12-01,0.00,comephore
1997-12-02,155.00,comephore
1997-12-03,68.00,comephore
1997-12-04,9.00,comephore
1997-12-05,0.00,comephore
1997-12-06,0.00,comephore
1997-12-07,0.00,comephore
1997-12-08,2.00,comephore
1997-12-09,42.00,comephore
1997-12-10,57.00,comephore
1997-12-11,115.00,comephore
1997-12-12,27.00,comephore
1997-12-13,12.00,comephore
1997-12-14,13.00,comephore
1997-12-15,2.00,comephore
1997-12-16,0.00,comephore
1997-12-17,58.00,comephore
1997-12-18,163.00,comephore
1997-12-19,298.00,comephore
1997-12-20,237.00,comephore
1997-12-21,2.00,comephore
1997-12-22,0.00,comephore
1997-12-23,9.00,comephore
1997-12-24,13.00,comephore
1997-12-25,31.00,comephore
1997-12-26,68.00,comephore
1997-12-27,48.00,comephore
1997-12-28,5.00,comephore
1997-12-29,0.00,comephore
1997-12-30,0.00,comephore
1997-12-31,42.00,comephore
1998-01-01,0.00,comephore
1998-01-02,87.00,comephore
1998-01-03,41.00,comephore
1998-01-04,23.00,comephore
1998-01-05,120.00,comephore
1998-01-06,49.00,comephore
1998-01-07,0.00,comephore
1998-01-08,0.00,comephore
1998-01-09,0.00,comephore
1998-01-10,0.00,comephore
1998-01-11,0.00,comephore
1998-01-12,0.00,comephore
1998-01-13,9.00,comephore
1998-01-14,26.00,comephore
1998-01-15,23.00,comephore
1998-01-16,265.00,comephore
1998-01-17,12.00,comephore
1998-01-18,148.00,comephore
1998-01-19,140.00,comephore
1998-01-20,72.00,comephore
1998-01-21,2.00,comephore
1998-01-22,0.00,comephore
1998-01-23,0.00,comephore
1998-01-24,0.00,comephore
1998-01-25,0.00,comephore
1998-01-26,0.00,comephore
1998-01-27,0.00,comephore
1998-01-28,0.00,comephore
1998-01-29,0.00,comephore
1998-01-30,0.00,comephore
1998-01-31,0.00,comephore
1998-02-01,0.00,comephore
1998-02-02,0.00,comephore
1998-02-03,0.00,comephore
1998-02-04,0.00,comephore
1998-02-05,0.00,comephore
1998-02-06,0.00,comephore
1998-02-07,38.00,comephore
1998-02-08,0.00,comephore
1998-02-09,0.00,comephore
1998-02-10,0.00,comephore
1998-02-11,0.00,comephore
1998-02-12,0.00,comephore
1998-02-13,0.00,comephore
1998-02-14,0.00,comephore
1998-02-15,0.00,comephore
1998-02-16,0.00,comephore
1998-02-17,0.00,comephore
1998-02-18,0.00,comephore
1998-02-19,0.00,comephore
1998-02-20,0.00,comephore
1998-02-21,4.00,comephore
1998-02-22,277.00,comephore
1998-02-23,13.00,comephore
1998-02-24,0.00,comephore
1998-02-25,0.00,comephore
1998-02-26,0.00,comephore
1998-02-27,0.00,comephore
1998-02-28,18.00,comephore
1998-03-01,4.00,comephore
1998-03-02,0.00,comephore
1998-03-03,0.00,comephore
1998-03-04,14.00,comephore
1998-03-05,46.00,comephore
1998-03-06,0.00,comephore
1998-03-07,81.00,comephore
1998-03-08,161.00,comephore
1998-03-09,24.00,comephore
1998-03-10,0.00,comephore
1998-03-11,99.00,comephore
1998-03-12,84.00,comephore
1998-03-13,0.00,comephore
1998-03-14,0.00,comephore
1998-03-15,0.00,comephore
1998-03-16,10.00,comephore
1998-03-17,0.00,comephore
1998-03-18,0.00,comephore
1998-03-19,0.00,comephore
1998-03-20,0.00,comephore
1998-03-21,0.00,comephore
1998-03-22,0.00,comephore
1998-03-23,23.00,comephore
1998-03-24,0.00,comephore
1998-03-25,0.00,comephore
1998-03-26,0.00,comephore
1998-03-27,0.00,comephore
1998-03-28,0.00,comephore
1998-03-29,0.00,comephore
1998-03-30,0.00,comephore
1998-03-31,0.00,comephore
1998-04-01,0.00,comephore
1998-04-02,104.00,comephore
1998-04-03,7.00,comephore
1998-04-04,233.00,comephore
1998-04-05,36.00,comephore
1998-04-06,20.00,comephore
1998-04-07,147.00,comephore
1998-04-08,11.00,comephore
1998-04-09,102.00,comephore
1998-04-10,139.00,comephore
1998-04-11,19.00,comephore
1998-04-12,143.00,comephore
1998-04-13,96.00,comephore
1998-04-14,1.00,comephore
1998-04-15,140.00,comephore
1998-04-16,4.00,comephore
1998-04-17,104.00,comephore
1998-04-18,181.00,comephore
1998-04-19,24.00,comephore
1998-04-20,8.00,comephore
1998-04-21,18.00,comephore
1998-04-22,0.00,comephore
1998-04-23,0.00,comephore
1998-04-24,0.00,comephore
1998-04-25,1.00,comephore
1998-04-26,94.00,comephore
1998-04-27,231.00,comephore
1998-04-28,4.00,comephore
1998-04-29,0.00,comephore
1998-04-30,10.00,comephore
1998-05-01,0.00,comephore
1998-05-02,90.00,comephore
1998-05-03,0.00,comephore
1998-05-04,0.00,comephore
1998-05-05,0.00,comephore
1998-05-06,1.00,comephore
1998-05-07,0.00,comephore
1998-05-08,0.00,comephore
1998-05-09,0.00,comephore
1998-05-10,0.00,comephore
1998-05-11,0.00,comephore
1998-05-12,0.00,comephore
1998-05-13,0.00,comephore
1998-05-14,0.00,comephore
1998-05-15,0.00,comephore
1998-05-16,0.00,comephore
1998-05-17,0.00,comephore
1998-05-18,0.00,comephore
1998-05-19,0.00,comephore
1998-05-20,0.00,comephore
1998-05-21,0.00,comephore
1998-05-22,0.00,comephore
1998-05-23,0.00,comephore
1998-05-24,0.00,comephore
1998-05-25,0.00,comephore
1998-05-26,19.00,comephore
1998-05-27,91.00,comephore
1998-05-28,107.00,comephore
1998-05-29,9.00,comephore
1998-05-30,0.00,comephore
1998-05-31,47.00,comephore
1998-06-01,0.00,comephore
1998-06-02,90.00,comephore
1998-06-03,0.00,comephore
1998-06-04,0.00,comephore
1998-06-05,0.00,comephore
1998-06-06,9.00,comephore
1998-06-07,21.00,comephore
1998-06-08,0.00,comephore
1998-06-09,0.00,comephore
1998-06-10,279.00,comephore
1998-06-11,59.00,comephore
1998-06-12,48.00,comephore
1998-06-13,1.00,comephore
1998-06-14,36.00,comephore
1998-06-15,49.00,comephore
1998-06-16,0.00,comephore
1998-06-17,0.00,comephore
1998-06-18,0.00,comephore
1998-06-19,0.00,comephore
1998-06-20,0.00,comephore
1998-06-21,0.00,comephore
1998-06-22,0.00,comephore
1998-06-23,0.00,comephore
1998-06-24,0.00,comephore
1998-06-25,10.00,comephore
1998-06-26,24.00,comephore
1998-06-27,53.00,comephore
1998-06-28,0.00,comephore
1998-06-29,0.00,comephore
1998-06-30,0.00,comephore
1998-07-01,0.00,comephore
1998-07-02,6.00,comephore
1998-07-03,76.00,comephore
1998-07-04,0.00,comephore
1998-07-05,0.00,comephore
1998-07-06,0.00,comephore
1998-07-07,0.00,comephore
1998-07-08,0.00,comephore
1998-07-09,0.00,comephore
1998-07-10,8.00,comephore
1998-07-11,2.00,comephore
1998-07-12,0.00,comephore
1998-07-13,22.00,comephore
1998-07-14,0.00,comephore
1998-07-15,0.00,comephore
1998-07-16,0.00,comephore
1998-07-17,0.00,comephore
1998-07-18,0.00,comephore
1998-07-19,0.00,comephore
1998-07-20,0.00,comephore
1998-07-21,0.00,comephore
1998-07-22,0.00,comephore
1998-07-23,0.00,comephore
1998-07-24,0.00,comephore
1998-07-25,0.00,comephore
1998-07-26,0.00,comephore
1998-07-27,252.00,comephore
1998-07-28,0.00,comephore
1998-07-29,8.00,comephore
1998-07-30,25.00,comephore
1998-07-31,0.00,comephore
1998-08-01,0.00,comephore
1998-08-02,72.00,comephore
1998-08-03,1.00,comephore
1998-08-04,0.00,comephore
1998-08-05,0.00,comephore
1998-08-06,0.00,comephore
1998-08-07,0.00,comephore
1998-08-08,0.00,comephore
1998-08-09,0.00,comephore
1998-08-10,0.00,comephore
1998-08-11,0.00,comephore
1998-08-12,234.00,comephore
1998-08-13,14.00,comephore
1998-08-14,0.00,comephore
1998-08-15,0.00,comephore
1998-08-16,0.00,comephore
1998-08-17,0.00,comephore
1998-08-18,70.00,comephore
1998-08-19,0.00,comephore
1998-08-20,0.00,comephore
1998-08-21,61.00,comephore
1998-08-22,59.00,comephore
1998-08-23,25.00,comephore
1998-08-24,133.00,comephore
1998-08-25,0.00,comephore
1998-08-26,0.00,comephore
1998-08-27,0.00,comephore
1998-08-28,0.00,comephore
1998-08-29,0.00,comephore
1998-08-30,0.00,comephore
1998-08-31,0.00,comephore
1998-09-01,0.00,comephore
1998-09-02,6.00,comephore
1998-09-03,256.00,comephore
1998-09-04,118.00,comephore
1998-09-05,106.00,comephore
1998-09-06,0.00,comephore
1998-09-07,43.00,comephore
1998-09-08,0.00,comephore
1998-09-09,0.00,comephore
1998-09-10,345.00,comephore
1998-09-11,204.00,comephore
1998-09-12,133.00,comephore
1998-09-13,189.00,comephore
1998-09-14,21.00,comephore
1998-09-15,63.00,comephore
1998-09-16,9.00,comephore
1998-09-17,3.00,comephore
1998-09-18,0.00,comephore
1998-09-19,0.00,comephore
1998-09-20,0.00,comephore
1998-09-21,0.00,comephore
1998-09-22,0.00,comephore
1998-09-23,0.00,comephore
1998-09-24,0.00,comephore
1998-09-25,3.00,comephore
1998-09-26,143.00,comephore
1998-09-27,21.00,comephore
1998-09-28,109.00,comephore
1998-09-29,3.00,comephore
1998-09-30,183.00,comephore
1998-10-01,0.00,comephore
1998-10-02,76.00,comephore
1998-10-03,19.00,comephore
1998-10-04,77.00,comephore
1998-10-05,0.00,comephore
1998-10-06,69.00,comephore
1998-10-07,19.00,comephore
1998-10-08,0.00,comephore
1998-10-09,0.00,comephore
1998-10-10,2.00,comephore
1998-10-11,121.00,comephore
1998-10-12,11.00,comephore
1998-10-13,0.00,comephore
1998-10-14,31.00,comephore
1998-10-15,0.00,comephore
1998-10-16,0.00,comephore
1998-10-17,126.00,comephore
1998-10-18,0.00,comephore
1998-10-19,0.00,comephore
1998-10-20,3.00,comephore
1998-10-21,0.00,comephore
1998-10-22,0.00,comephore
1998-10-23,117.00,comephore
1998-10-24,25.00,comephore
1998-10-25,147.00,comephore
1998-10-26,71.00,comephore
1998-10-27,0.00,comephore
1998-10-28,2.00,comephore
1998-10-29,196.00,comephore
1998-10-30,84.00,comephore
1998-10-31,42.00,comephore
1998-11-01,13.00,comephore
1998-11-02,7.00,comephore
1998-11-03,119.00,comephore
1998-11-04,28.00,comephore
1998-11-05,2.00,comephore
1998-11-06,0.00,comephore
1998-11-07,0.00,comephore
1998-11-08,0.00,comephore
1998-11-09,13.00,comephore
1998-11-10,279.00,comephore
1998-11-11,0.00,comephore
1998-11-12,8.00,comephore
1998-11-13,9.00,comephore
1998-11-14,69.00,comephore
1998-11-15,19.00,comephore
1998-11-16,14.00,comephore
1998-11-17,0.00,comephore
1998-11-18,0.00,comephore
1998-11-19,0.00,comephore
1998-11-20,0.00,comephore
1998-11-21,0.00,comephore
1998-11-22,0.00,comephore
1998-11-23,0.00,comephore
1998-11-24,0.00,comephore
1998-11-25,57.00,comephore
1998-11-26,11.00,comephore
1998-11-27,85.00,comephore
1998-11-28,0.00,comephore
1998-11-29,128.00,comephore
1998-11-30,8.00,comephore
1998-12-01,0.00,comephore
1998-12-02,0.00,comephore
1998-12-03,0.00,comephore
1998-12-04,3.00,comephore
1998-12-05,33.00,comephore
1998-12-06,14.00,comephore
1998-12-07,0.00,comephore
1998-12-08,0.00,comephore
1998-12-09,52.00,comephore
1998-12-10,8.00,comephore
1998-12-11,108.00,comephore
1998-12-12,44.00,comephore
1998-12-13,4.00,comephore
1998-12-14,0.00,comephore
1998-12-15,1.00,comephore
1998-12-16,0.00,comephore
1998-12-17,0.00,comephore
1998-12-18,0.00,comephore
1998-12-19,44.00,comephore
1998-12-20,92.00,comephore
1998-12-21,0.00,comephore
1998-12-22,0.00,comephore
1998-12-23,0.00,comephore
1998-12-24,48.00,comephore
1998-12-25,0.00,comephore
1998-12-26,1.00,comephore
1998-12-27,0.00,comephore
1998-12-28,0.00,comephore
1998-12-29,0.00,comephore
1998-12-30,0.00,comephore
1998-12-31,0.00,comephore
1999-01-01,0.00,comephore
1999-01-02,84.00,comephore
1999-01-03,22.00,comephore
1999-01-04,18.00,comephore
1999-01-05,0.00,comephore
1999-01-06,0.00,comephore
1999-01-07,8.00,comephore
1999-01-08,96.00,comephore
1999-01-09,32.00,comephore
1999-01-10,30.00,comephore
1999-01-11,128.00,comephore
1999-01-12,6.00,comephore
1999-01-13,60.00,comephore
1999-01-14,68.00,comephore
1999-01-15,0.00,comephore
1999-01-16,0.00,comephore
1999-01-17,252.00,comephore
1999-01-18,29.00,comephore
1999-01-19,0.00,comephore
1999-01-20,0.00,comephore
1999-01-21,0.00,comephore
1999-01-22,0.00,comephore
1999-01-23,0.00,comephore
1999-01-24,0.00,comephore
1999-01-25,0.00,comephore
1999-01-26,111.00,comephore
1999-01-27,79.00,comephore
1999-01-28,176.00,comephore
1999-01-29,8.00,comephore
1999-01-30,0.00,comephore
1999-01-31,0.00,comephore
1999-02-01,0.00,comephore
1999-02-02,0.00,comephore
1999-02-03,0.00,comephore
1999-02-04,1.00,comephore
1999-02-05,37.00,comephore
1999-02-06,86.00,comephore
1999-02-07,118.00,comephore
1999-02-08,23.00,comephore
1999-02-09,269.00,comephore
1999-02-10,6.00,comephore
1999-02-11,37.00,comephore
1999-02-12,0.00,comephore
1999-02-13,0.00,comephore
1999-02-14,0.00,comephore
1999-02-15,8.00,comephore
1999-02-16,45.00,comephore
1999-02-17,26.00,comephore
1999-02-18,155.00,comephore
1999-02-19,239.00,comephore
1999-02-20,226.00,comephore
1999-02-21,25.00,comephore
1999-02-22,67.00,comephore
1999-02-23,33.00,comephore
1999-02-24,35.00,comephore
1999-02-25,2.00,comephore
1999-02-26,0.00,comephore
1999-02-27,0.00,comephore
1999-02-28,90.00,comephore
1999-03-01,0.00,comephore
1999-03-02,16.00,comephore
1999-03-03,295.00,comephore
1999-03-04,73.00,comephore
1999-03-05,75.00,comephore
1999-03-06,70.00,comephore
1999-03-07,51.00,comephore
1999-03-08,13.00,comephore
1999-03-09,7.00,comephore
1999-03-10,0.00,comephore
1999-03-11,0.00,comephore
1999-03-12,0.00,comephore
1999-03-13,0.00,comephore
1999-03-14,0.00,comephore
1999-03-15,0.00,comephore
1999-03-16,0.00,comephore
1999-03-17,0.00,comephore
1999-03-18,0.00,comephore
1999-03-19,15.00,comephore
1999-03-20,0.00,comephore
1999-03-21,59.00,comephore
1999-03-22,71.00,comephore
1999-03-23,16.00,comephore
1999-03-24,0.00,comephore
1999-03-25,50.00,comephore
1999-03-26,154.00,comephore
1999-03-27,131.00,comephore
1999-03-28,5.00,comephore
1999-03-29,0.00,comephore
1999-03-30,0.00,comephore
1999-03-31,0.00,comephore
1999-04-01,0.00,comephore
1999-04-02,24.00,comephore
1999-04-03,7.00,comephore
1999-04-04,8.00,comephore
1999-04-05,0.00,comephore
1999-04-06,14.00,comephore
1999-04-07,199.00,comephore
1999-04-08,1.00,comephore
1999-04-09,0.00,comephore
1999-04-10,0.00,comephore
1999-04-11,82.00,comephore
1999-04-12,107.00,comephore
1999-04-13,67.00,comephore
1999-04-14,109.00,comephore
1999-04-15,24.00,comephore
1999-04-16,0.00,comephore
1999-04-17,0.00,comephore
1999-04-18,124.00,comephore
1999-04-19,25.00,comephore
1999-04-20,15.00,comephore
1999-04-21,97.00,comephore
1999-04-22,47.00,comephore
1999-04-23,7.00,comephore
1999-04-24,3.00,comephore
1999-04-25,0.00,comephore
1999-04-26,21.00,comephore
1999-04-27,21.00,comephore
1999-04-28,0.00,comephore
1999-04-29,2.00,comephore
1999-04-30,29.00,comephore
1999-05-01,0.00,comephore
1999-05-02,0.00,comephore
1999-05-03,0.00,comephore
1999-05-04,2.00,comephore
1999-05-05,12.00,comephore
1999-05-06,0.00,comephore
1999-05-07,21.00,comephore
1999-05-08,150.00,comephore
1999-05-09,0.00,comephore
1999-05-10,6.00,comephore
1999-05-11,35.00,comephore
1999-05-12,154.00,comephore
1999-05-13,32.00,comephore
1999-05-14,114.00,comephore
1999-05-15,0.00,comephore
1999-05-16,0.00,comephore
1999-05-17,180.00,comephore
1999-05-18,92.00,comephore
1999-05-19,190.00,comephore
1999-05-20,47.00,comephore
1999-05-21,24.00,comephore
1999-05-22,36.00,comephore
1999-05-23,0.00,comephore
1999-05-24,0.00,comephore
1999-05-25,0.00,comephore
1999-05-26,0.00,comephore
1999-05-27,0.00,comephore
1999-05-28,75.00,comephore
1999-05-29,0.00,comephore
1999-05-30,0.00,comephore
1999-05-31,18.00,comephore
1999-06-01,0.00,comephore
1999-06-02,53.00,comephore
1999-06-03,55.00,comephore
1999-06-04,0.00,comephore
1999-06-05,126.00,comephore
1999-06-06,73.00,comephore
1999-06-07,55.00,comephore
1999-06-08,36.00,comephore
1999-06-09,0.00,comephore
1999-06-10,5.00,comephore
1999-06-11,0.00,comephore
1999-06-12,0.00,comephore
1999-06-13,20.00,comephore
1999-06-14,3.00,comephore
1999-06-15,2.00,comephore
1999-06-16,0.00,comephore
1999-06-17,0.00,comephore
1999-06-18,0.00,comephore
1999-06-19,0.00,comephore
1999-06-20,0.00,comephore
1999-06-21,68.00,comephore
1999-06-22,0.00,comephore
1999-06-23,0.00,comephore
1999-06-24,0.00,comephore
1999-06-25,0.00,comephore
1999-06-26,138.00,comephore
1999-06-27,123.00,comephore
1999-06-28,0.00,comephore
1999-06-29,2.00,comephore
1999-06-30,0.00,comephore
1999-07-01,0.00,comephore
1999-07-02,0.00,comephore
1999-07-03,0.00,comephore
1999-07-04,0.00,comephore
1999-07-05,161.00,comephore
1999-07-06,175.00,comephore
1999-07-07,12.00,comephore
1999-07-08,0.00,comephore
1999-07-09,0.00,comephore
1999-07-10,25.00,comephore
1999-07-11,202.00,comephore
1999-07-12,0.00,comephore
1999-07-13,88.00,comephore
1999-07-14,57.00,comephore
1999-07-15,0.00,comephore
1999-07-16,0.00,comephore
1999-07-17,0.00,comephore
1999-07-18,0.00,comephore
1999-07-19,22.00,comephore
1999-07-20,8.00,comephore
1999-07-21,0.00,comephore
1999-07-22,0.00,comephore
1999-07-23,0.00,comephore
1999-07-24,0.00,comephore
1999-07-25,0.00,comephore
1999-07-26,0.00,comephore
1999-07-27,0.00,comephore
1999-07-28,31.00,comephore
1999-07-29,0.00,comephore
1999-07-30,0.00,comephore
1999-07-31,0.00,comephore
1999-08-01,0.00,comephore
1999-08-02,0.00,comephore
1999-08-03,6.00,comephore
1999-08-04,0.00,comephore
1999-08-05,35.00,comephore
1999-08-06,93.00,comephore
1999-08-07,1.00,comephore
1999-08-08,62.00,comephore
1999-08-09,190.00,comephore
1999-08-10,9.00,comephore
1999-08-11,0.00,comephore
1999-08-12,0.00,comephore
1999-08-13,0.00,comephore
1999-08-14,9.00,comephore
1999-08-15,12.00,comephore
1999-08-16,54.00,comephore
1999-08-17,0.00,comephore
1999-08-18,28.00,comephore
1999-08-19,0.00,comephore
1999-08-20,0.00,comephore
1999-08-21,0.00,comephore
1999-08-22,0.00,comephore
1999-08-23,0.00,comephore
1999-08-24,0.00,comephore
1999-08-25,9.00,comephore
1999-08-26,29.00,comephore
1999-08-27,10.00,comephore
1999-08-28,0.00,comephore
1999-08-29,0.00,comephore
1999-08-30,0.00,comephore
1999-08-31,0.00,comephore
1999-09-01,0.00,comephore
1999-09-02,0.00,comephore
1999-09-03,40.00,comephore
1999-09-04,0.00,comephore
1999-09-05,0.00,comephore
1999-09-06,33.00,comephore
1999-09-07,0.00,comephore
1999-09-08,0.00,comephore
1999-09-09,0.00,comephore
1999-09-10,0.00,comephore
1999-09-11,0.00,comephore
1999-09-12,0.00,comephore
1999-09-13,0.00,comephore
1999-09-14,7.00,comephore
1999-09-15,8.00,comephore
1999-09-16,0.00,comephore
1999-09-17,24.00,comephore
1999-09-18,4.00,comephore
1999-09-19,18.00,comephore
1999-09-20,163.00,comephore
1999-09-21,31.00,comephore
1999-09-22,0.00,comephore
1999-09-23,118.00,comephore
1999-09-24,84.00,comephore
1999-09-25,236.00,comephore
1999-09-26,73.00,comephore
1999-09-27,82.00,comephore
1999-09-28,83.00,comephore
1999-09-29,10.00,comephore
1999-09-30,102.00,comephore
1999-10-01,3.00,comephore
1999-10-02,2.00,comephore
1999-10-03,264.00,comephore
1999-10-04,69.00,comephore
1999-10-05,12.00,comephore
1999-10-06,0.00,comephore
1999-10-07,0.00,comephore
1999-10-08,0.00,comephore
1999-10-09,0.00,comephore
1999-10-10,0.00,comephore
1999-10-11,0.00,comephore
1999-10-12,0.00,comephore
1999-10-13,20.00,comephore
1999-10-14,7.00,comephore
1999-10-15,0.00,comephore
1999-10-16,1.00,comephore
1999-10-17,0.00,comephore
1999-10-18,6.00,comephore
1999-10-19,105.00,comephore
1999-10-20,35.00,comephore
1999-10-21,31.00,comephore
1999-10-22,252.00,comephore
1999-10-23,185.00,comephore
1999-10-24,652.00,comephore
1999-10-25,227.00,comephore
1999-10-26,0.00,comephore
1999-10-27,0.00,comephore
1999-10-28,0.00,comephore
1999-10-29,0.00,comephore
1999-10-30,24.00,comephore
1999-10-31,0.00,comephore
1999-11-01,0.00,comephore
1999-11-02,231.00,comephore
1999-11-03,9.00,comephore
1999-11-04,0.00,comephore
1999-11-05,0.00,comephore
1999-11-06,114.00,comephore
1999-11-07,0.00,comephore
1999-11-08,0.00,comephore
1999-11-09,6.00,comephore
1999-11-10,23.00,comephore
1999-11-11,17.00,comephore
1999-11-12,0.00,comephore
1999-11-13,0.00,comephore
1999-11-14,0.00,comephore
1999-11-15,0.00,comephore
1999-11-16,0.00,comephore
1999-11-17,88.00,comephore
1999-11-18,63.00,comephore
1999-11-19,101.00,comephore
1999-11-20,0.00,comephore
1999-11-21,0.00,comephore
1999-11-22,0.00,comephore
1999-11-23,24.00,comephore
1999-11-24,0.00,comephore
1999-11-25,0.00,comephore
1999-11-26,0.00,comephore
1999-11-27,0.00,comephore
1999-11-28,0.00,comephore
1999-11-29,0.00,comephore
1999-11-30,0.00,comephore
1999-12-01,0.00,comephore
1999-12-02,51.00,comephore
1999-12-03,0.00,comephore
1999-12-04,57.00,comephore
1999-12-05,0.00,comephore
1999-12-06,0.00,comephore
1999-12-07,13.00,comephore
1999-12-08,3.00,comephore
1999-12-09,114.00,comephore
1999-12-10,26.00,comephore
1999-12-11,76.00,comephore
1999-12-12,64.00,comephore
1999-12-13,21.00,comephore
1999-12-14,91.00,comephore
1999-12-15,20.00,comephore
1999-12-16,0.00,comephore
1999-12-17,7.00,comephore
1999-12-18,193.00,comephore
1999-12-19,88.00,comephore
1999-12-20,0.00,comephore
1999-12-21,0.00,comephore
1999-12-22,0.00,comephore
1999-12-23,0.00,comephore
1999-12-24,0.00,comephore
1999-12-25,126.00,comephore
1999-12-26,126.00,comephore
1999-12-27,115.00,comephore
1999-12-28,110.00,comephore
1999-12-29,30.00,comephore
1999-12-30,14.00,comephore
1999-12-31,25.00,comephore
2000-01-01,0.00,comephore
2000-01-02,0.00,comephore
2000-01-03,0.00,comephore
2000-01-04,14.00,comephore
2000-01-05,20.00,comephore
2000-01-06,0.00,comephore
2000-01-07,2.00,comephore
2000-01-08,0.00,comephore
2000-01-09,97.00,comephore
2000-01-10,6.00,comephore
2000-01-11,0.00,comephore
2000-01-12,0.00,comephore
2000-01-13,0.00,comephore
2000-01-14,0.00,comephore
2000-01-15,0.00,comephore
2000-01-16,0.00,comephore
2000-01-17,0.00,comephore
2000-01-18,12.00,comephore
2000-01-19,0.00,comephore
2000-01-20,0.00,comephore
2000-01-21,0.00,comephore
2000-01-22,29.00,comephore
2000-01-23,72.00,comephore
2000-01-24,1.00,comephore
2000-01-25,0.00,comephore
2000-01-26,0.00,comephore
2000-01-27,0.00,comephore
2000-01-28,0.00,comephore
2000-01-29,42.00,comephore
2000-01-30,24.00,comephore
2000-01-31,0.00,comephore
2000-02-01,0.00,comephore
2000-02-02,113.00,comephore
2000-02-03,0.00,comephore
2000-02-04,0.00,comephore
2000-02-05,0.00,comephore
2000-02-06,0.00,comephore
2000-02-07,14.00,comephore
2000-02-08,85.00,comephore
2000-02-09,1.00,comephore
2000-02-10,66.00,comephore
2000-02-11,96.00,comephore
2000-02-12,1.00,comephore
2000-02-13,103.00,comephore
2000-02-14,3.00,comephore
2000-02-15,65.00,comephore
2000-02-16,80.00,comephore
2000-02-17,74.00,comephore
2000-02-18,109.00,comephore
2000-02-19,84.00,comephore
2000-02-20,0.00,comephore
2000-02-21,0.00,comephore
2000-02-22,0.00,comephore
2000-02-23,0.00,comephore
2000-02-24,0.00,comephore
2000-02-25,19.00,comephore
2000-02-26,0.00,comephore
2000-02-27,0.00,comephore
2000-02-28,46.00,comephore
2000-02-29,278.00,comephore
2000-03-01,24.00,comephore
2000-03-02,0.00,comephore
2000-03-03,7.00,comephore
2000-03-04,55.00,comephore
2000-03-05,0.00,comephore
2000-03-06,0.00,comephore
2000-03-07,0.00,comephore
2000-03-08,0.00,comephore
2000-03-09,0.00,comephore
2000-03-10,0.00,comephore
2000-03-11,0.00,comephore
2000-03-12,0.00,comephore
2000-03-13,0.00,comephore
2000-03-14,0.00,comephore
2000-03-15,0.00,comephore
2000-03-16,0.00,comephore
2000-03-17,0.00,comephore
2000-03-18,0.00,comephore
2000-03-19,0.00,comephore
2000-03-20,0.00,comephore
2000-03-21,0.00,comephore
2000-03-22,0.00,comephore
2000-03-23,0.00,comephore
2000-03-24,30.00,comephore
2000-03-25,58.00,comephore
2000-03-26,30.00,comephore
2000-03-27,40.00,comephore
2000-03-28,2.00,comephore
2000-03-29,88.00,comephore
2000-03-30,2.00,comephore
2000-03-31,1.00,comephore
2000-04-01,3.00,comephore
2000-04-02,0.00,comephore
2000-04-03,11.00,comephore
2000-04-04,49.00,comephore
2000-04-05,94.00,comephore
2000-04-06,0.00,comephore
2000-04-07,0.00,comephore
2000-04-08,0.00,comephore
2000-04-09,11.00,comephore
2000-04-10,1.00,comephore
2000-04-11,60.00,comephore
2000-04-12,69.00,comephore
2000-04-13,8.00,comephore
2000-04-14,8.00,comephore
2000-04-15,98.00,comephore
2000-04-16,207.00,comephore
2000-04-17,64.00,comephore
2000-04-18,0.00,comephore
2000-04-19,0.00,comephore
2000-04-20,0.00,comephore
2000-04-21,0.00,comephore
2000-04-22,0.00,comephore
2000-04-23,97.00,comephore
2000-04-24,2.00,comephore
2000-04-25,0.00,comephore
2000-04-26,0.00,comephore
2000-04-27,0.00,comephore
2000-04-28,86.00,comephore
2000-04-29,5.00,comephore
2000-04-30,0.00,comephore
2000-05-01,0.00,comephore
2000-05-02,0.00,comephore
2000-05-03,26.00,comephore
2000-05-04,69.00,comephore
2000-05-05,2.00,comephore
2000-05-06,0.00,comephore
2000-05-07,8.00,comephore
2000-05-08,3.00,comephore
2000-05-09,41.00,comephore
2000-05-10,64.00,comephore
2000-05-11,34.00,comephore
2000-05-12,0.00,comephore
2000-05-13,0.00,comephore
2000-05-14,0.00,comephore
2000-05-15,0.00,comephore
2000-05-16,3.00,comephore
2000-05-17,67.00,comephore
2000-05-18,40.00,comephore
2000-05-19,6.00,comephore
2000-05-20,0.00,comephore
2000-05-21,34.00,comephore
2000-05-22,0.00,comephore
2000-05-23,0.00,comephore
2000-05-24,0.00,comephore
2000-05-25,1.00,comephore
2000-05-26,102.00,comephore
2000-05-27,172.00,comephore
2000-05-28,49.00,comephore
2000-05-29,0.00,comephore
2000-05-30,42.00,comephore
2000-05-31,43.00,comephore
2000-06-01,0.00,comephore
2000-06-02,0.00,comephore
2000-06-03,0.00,comephore
2000-06-04,0.00,comephore
2000-06-05,0.00,comephore
2000-06-06,11.00,comephore
2000-06-07,0.00,comephore
2000-06-08,0.00,comephore
2000-06-09,0.00,comephore
2000-06-10,32.00,comephore
2000-06-11,47.00,comephore
2000-06-12,1.00,comephore
2000-06-13,0.00,comephore
2000-06-14,0.00,comephore
2000-06-15,0.00,comephore
2000-06-16,0.00,comephore
2000-06-17,0.00,comephore
2000-06-18,0.00,comephore
2000-06-19,0.00,comephore
2000-06-20,0.00,comephore
2000-06-21,0.00,comephore
2000-06-22,8.00,comephore
2000-06-23,0.00,comephore
2000-06-24,69.00,comephore
2000-06-25,37.00,comephore
2000-06-26,0.00,comephore
2000-06-27,0.00,comephore
2000-06-28,13.00,comephore
2000-06-29,0.00,comephore
2000-06-30,0.00,comephore
2000-07-01,0.00,comephore
2000-07-02,137.00,comephore
2000-07-03,210.00,comephore
2000-07-04,148.00,comephore
2000-07-05,46.00,comephore
2000-07-06,0.00,comephore
2000-07-07,38.00,comephore
2000-07-08,17.00,comephore
2000-07-09,46.00,comephore
2000-07-10,214.00,comephore
2000-07-11,81.00,comephore
2000-07-12,50.00,comephore
2000-07-13,85.00,comephore
2000-07-14,166.00,comephore
2000-07-15,23.00,comephore
2000-07-16,18.00,comephore
2000-07-17,0.00,comephore
2000-07-18,0.00,comephore
2000-07-19,0.00,comephore
2000-07-20,0.00,comephore
2000-07-21,0.00,comephore
2000-07-22,0.00,comephore
2000-07-23,2.00,comephore
2000-07-24,114.00,comephore
2000-07-25,70.00,comephore
2000-07-26,10.00,comephore
2000-07-27,36.00,comephore
2000-07-28,51.00,comephore
2000-07-29,28.00,comephore
2000-07-30,0.00,comephore
2000-07-31,0.00,comephore
2000-08-01,0.00,comephore
2000-08-02,109.00,comephore
2000-08-03,3.00,comephore
2000-08-04,1.00,comephore
2000-08-05,17.00,comephore
2000-08-06,2.00,comephore
2000-08-07,0.00,comephore
2000-08-08,0.00,comephore
2000-08-09,0.00,comephore
2000-08-10,0.00,comephore
2000-08-11,0.00,comephore
2000-08-12,0.00,comephore
2000-08-13,0.00,comephore
2000-08-14,0.00,comephore
2000-08-15,0.00,comephore
2000-08-16,0.00,comephore
2000-08-17,29.00,comephore
2000-08-18,98.00,comephore
2000-08-19,0.00,comephore
2000-08-20,297.00,comephore
2000-08-21,281.00,comephore
2000-08-22,0.00,comephore
2000-08-23,0.00,comephore
2000-08-24,0.00,comephore
2000-08-25,0.00,comephore
2000-08-26,95.00,comephore
2000-08-27,41.00,comephore
2000-08-28,0.00,comephore
2000-08-29,0.00,comephore
2000-08-30,15.00,comephore
2000-08-31,30.00,comephore
2000-09-01,0.00,comephore
2000-09-02,59.00,comephore
2000-09-03,22.00,comephore
2000-09-04,0.00,comephore
2000-09-05,0.00,comephore
2000-09-06,9.00,comephore
2000-09-07,26.00,comephore
2000-09-08,0.00,comephore
2000-09-09,0.00,comephore
2000-09-10,0.00,comephore
2000-09-11,0.00,comephore
2000-09-12,61.00,comephore
2000-09-13,58.00,comephore
2000-09-14,0.00,comephore
2000-09-15,0.00,comephore
2000-09-16,0.00,comephore
2000-09-17,0.00,comephore
2000-09-18,0.00,comephore
2000-09-19,123.00,comephore
2000-09-20,93.00,comephore
2000-09-21,0.00,comephore
2000-09-22,0.00,comephore
2000-09-23,0.00,comephore
2000-09-24,0.00,comephore
2000-09-25,0.00,comephore
2000-09-26,0.00,comephore
2000-09-27,0.00,comephore
2000-09-28,0.00,comephore
2000-09-29,1.00,comephore
2000-09-30,163.00,comephore
2000-10-01,0.00,comephore
2000-10-02,50.00,comephore
2000-10-03,0.00,comephore
2000-10-04,0.00,comephore
2000-10-05,6.00,comephore
2000-10-06,3.00,comephore
2000-10-07,0.00,comephore
2000-10-08,100.00,comephore
2000-10-09,6.00,comephore
2000-10-10,165.00,comephore
2000-10-11,183.00,comephore
2000-10-12,188.00,comephore
2000-10-13,241.00,comephore
2000-10-14,15.00,comephore
2000-10-15,38.00,comephore
2000-10-16,16.00,comephore
2000-10-17,19.00,comephore
2000-10-18,0.00,comephore
2000-10-19,4.00,comephore
2000-10-20,0.00,comephore
2000-10-21,0.00,comephore
2000-10-22,0.00,comephore
2000-10-23,0.00,comephore
2000-10-24,69.00,comephore
2000-10-25,0.00,comephore
2000-10-26,30.00,comephore
2000-10-27,0.00,comephore
2000-10-28,0.00,comephore
2000-10-29,18.00,comephore
2000-10-30,55.00,comephore
2000-10-31,280.00,comephore
2000-11-01,0.00,comephore
2000-11-02,3.00,comephore
2000-11-03,292.00,comephore
2000-11-04,30.00,comephore
2000-11-05,0.00,comephore
2000-11-06,188.00,comephore
2000-11-07,8.00,comephore
2000-11-08,10.00,comephore
2000-11-09,16.00,comephore
2000-11-10,1.00,comephore
2000-11-11,0.00,comephore
2000-11-12,72.00,comephore
2000-11-13,716.00,comephore
2000-11-14,81.00,comephore
2000-11-15,0.00,comephore
2000-11-16,0.00,comephore
2000-11-17,32.00,comephore
2000-11-18,0.00,comephore
2000-11-19,56.00,comephore
2000-11-20,10.00,comephore
2000-11-21,26.00,comephore
2000-11-22,132.00,comephore
2000-11-23,291.00,comephore
2000-11-24,24.00,comephore
2000-11-25,43.00,comephore
2000-11-26,35.00,comephore
2000-11-27,20.00,comephore
2000-11-28,7.00,comephore
2000-11-29,0.00,comephore
2000-11-30,0.00,comephore
2000-12-01,0.00,comephore
2000-12-02,117.00,comephore
2000-12-03,2.00,comephore
2000-12-04,19.00,comephore
2000-12-05,0.00,comephore
2000-12-06,33.00,comephore
2000-12-07,9.00,comephore
2000-12-08,201.00,comephore
2000-12-09,6.00,comephore
2000-12-10,21.00,comephore
2000-12-11,0.00,comephore
2000-12-12,0.00,comephore
2000-12-13,0.00,comephore
2000-12-14,11.00,comephore
2000-12-15,12.00,comephore
2000-12-16,11.00,comephore
2000-12-17,0.00,comephore
2000-12-18,0.00,comephore
2000-12-19,0.00,comephore
2000-12-20,0.00,comephore
2000-12-21,0.00,comephore
2000-12-22,0.00,comephore
2000-12-23,0.00,comephore
2000-12-24,99.00,comephore
2000-12-25,35.00,comephore
2000-12-26,5.00,comephore
2000-12-27,0.00,comephore
2000-12-28,1.00,comephore
2000-12-29,0.00,comephore
2000-12-30,0.00,comephore
2000-12-31,0.00,comephore
2001-01-01,0.00,comephore
2001-01-02,27.00,comephore
2001-01-03,4.00,comephore
2001-01-04,55.00,comephore
2001-01-05,116.00,comephore
2001-01-06,218.00,comephore
2001-01-07,23.00,comephore
2001-01-08,0.00,comephore
2001-01-09,0.00,comephore
2001-01-10,18.00,comephore
2001-01-11,1.00,comephore
2001-01-12,60.00,comephore
2001-01-13,0.00,comephore
2001-01-14,0.00,comephore
2001-01-15,0.00,comephore
2001-01-16,0.00,comephore
2001-01-17,11.00,comephore
2001-01-18,10.00,comephore
2001-01-19,33.00,comephore
2001-01-20,20.00,comephore
2001-01-21,0.00,comephore
2001-01-22,19.00,comephore
2001-01-23,36.00,comephore
2001-01-24,142.00,comephore
2001-01-25,53.00,comephore
2001-01-26,8.00,comephore
2001-01-27,41.00,comephore
2001-01-28,6.00,comephore
2001-01-29,0.00,comephore
2001-01-30,0.00,comephore
2001-01-31,0.00,comephore
2001-02-01,0.00,comephore
2001-02-02,2.00,comephore
2001-02-03,210.00,comephore
2001-02-04,41.00,comephore
2001-02-05,7.00,comephore
2001-02-06,0.00,comephore
2001-02-07,0.00,comephore
2001-02-08,77.00,comephore
2001-02-09,55.00,comephore
2001-02-10,0.00,comephore
2001-02-11,0.00,comephore
2001-02-12,0.00,comephore
2001-02-13,45.00,comephore
2001-02-14,0.00,comephore
2001-02-15,0.00,comephore
2001-02-16,0.00,comephore
2001-02-17,23.00,comephore
2001-02-18,0.00,comephore
2001-02-19,0.00,comephore
2001-02-20,0.00,comephore
2001-02-21,0.00,comephore
2001-02-22,16.00,comephore
2001-02-23,46.00,comephore
2001-02-24,15.00,comephore
2001-02-25,0.00,comephore
2001-02-26,0.00,comephore
2001-02-27,25.00,comephore
2001-02-28,61.00,comephore
2001-03-01,0.00,comephore
2001-03-02,226.00,comephore
2001-03-03,266.00,comephore
2001-03-04,162.00,comephore
2001-03-05,2.00,comephore
2001-03-06,0.00,comephore
2001-03-07,14.00,comephore
2001-03-08,288.00,comephore
2001-03-09,8.00,comephore
2001-03-10,106.00,comephore
2001-03-11,83.00,comephore
2001-03-12,272.00,comephore
2001-03-13,89.00,comephore
2001-03-14,78.00,comephore
2001-03-15,64.00,comephore
2001-03-16,45.00,comephore
2001-03-17,206.00,comephore
2001-03-18,38.00,comephore
2001-03-19,49.00,comephore
2001-03-20,145.00,comephore
2001-03-21,143.00,comephore
2001-03-22,11.00,comephore
2001-03-23,0.00,comephore
2001-03-24,27.00,comephore
2001-03-25,23.00,comephore
2001-03-26,7.00,comephore
2001-03-27,0.00,comephore
2001-03-28,14.00,comephore
2001-03-29,89.00,comephore
2001-03-30,20.00,comephore
2001-03-31,0.00,comephore
2001-04-01,0.00,comephore
2001-04-02,0.00,comephore
2001-04-03,0.00,comephore
2001-04-04,150.00,comephore
2001-04-05,9.00,comephore
2001-04-06,72.00,comephore
2001-04-07,67.00,comephore
2001-04-08,58.00,comephore
2001-04-09,174.00,comephore
2001-04-10,81.00,comephore
2001-04-11,77.00,comephore
2001-04-12,0.00,comephore
2001-04-13,0.00,comephore
2001-04-14,0.00,comephore
2001-04-15,238.00,comephore
2001-04-16,43.00,comephore
2001-04-17,0.00,comephore
2001-04-18,51.00,comephore
2001-04-19,11.00,comephore
2001-04-20,9.00,comephore
2001-04-21,2.00,comephore
2001-04-22,0.00,comephore
2001-04-23,66.00,comephore
2001-04-24,0.00,comephore
2001-04-25,235.00,comephore
2001-04-26,7.00,comephore
2001-04-27,0.00,comephore
2001-04-28,23.00,comephore
2001-04-29,14.00,comephore
2001-04-30,0.00,comephore
2001-05-01,0.00,comephore
2001-05-02,5.00,comephore
2001-05-03,12.00,comephore
2001-05-04,196.00,comephore
2001-05-05,22.00,comephore
2001-05-06,0.00,comephore
2001-05-07,0.00,comephore
2001-05-08,0.00,comephore
2001-05-09,11.00,comephore
2001-05-10,11.00,comephore
2001-05-11,0.00,comephore
2001-05-12,0.00,comephore
2001-05-13,0.00,comephore
2001-05-14,33.00,comephore
2001-05-15,42.00,comephore
2001-05-16,174.00,comephore
2001-05-17,250.00,comephore
2001-05-18,142.00,comephore
2001-05-19,0.00,comephore
2001-05-20,0.00,comephore
2001-05-21,0.00,comephore
2001-05-22,0.00,comephore
2001-05-23,18.00,comephore
2001-05-24,0.00,comephore
2001-05-25,4.00,comephore
2001-05-26,0.00,comephore
2001-05-27,0.00,comephore
2001-05-28,0.00,comephore
2001-05-29,0.00,comephore
2001-05-30,0.00,comephore
2001-05-31,46.00,comephore
2001-06-01,0.00,comephore
2001-06-02,92.00,comephore
2001-06-03,21.00,comephore
2001-06-04,0.00,comephore
2001-06-05,0.00,comephore
2001-06-06,33.00,comephore
2001-06-07,0.00,comephore
2001-06-08,75.00,comephore
2001-06-09,185.00,comephore
2001-06-10,0.00,comephore
2001-06-11,0.00,comephore
2001-06-12,0.00,comephore
2001-06-13,196.00,comephore
2001-06-14,4.00,comephore
2001-06-15,97.00,comephore
2001-06-16,26.00,comephore
2001-06-17,98.00,comephore
2001-06-18,20.00,comephore
2001-06-19,0.00,comephore
2001-06-20,0.00,comephore
2001-06-21,0.00,comephore
2001-06-22,0.00,comephore
2001-06-23,0.00,comephore
2001-06-24,0.00,comephore
2001-06-25,0.00,comephore
2001-06-26,0.00,comephore
2001-06-27,37.00,comephore
2001-06-28,3.00,comephore
2001-06-29,0.00,comephore
2001-06-30,0.00,comephore
2001-07-01,0.00,comephore
2001-07-02,0.00,comephore
2001-07-03,0.00,comephore
2001-07-04,72.00,comephore
2001-07-05,0.00,comephore
2001-07-06,45.00,comephore
2001-07-07,77.00,comephore
2001-07-08,61.00,comephore
2001-07-09,0.00,comephore
2001-07-10,0.00,comephore
2001-07-11,30.00,comephore
2001-07-12,7.00,comephore
2001-07-13,54.00,comephore
2001-07-14,345.00,comephore
2001-07-15,162.00,comephore
2001-07-16,0.00,comephore
2001-07-17,32.00,comephore
2001-07-18,115.00,comephore
2001-07-19,28.00,comephore
2001-07-20,9.00,comephore
2001-07-21,0.00,comephore
2001-07-22,0.00,comephore
2001-07-23,8.00,comephore
2001-07-24,0.00,comephore
2001-07-25,0.00,comephore
2001-07-26,0.00,comephore
2001-07-27,0.00,comephore
2001-07-28,159.00,comephore
2001-07-29,0.00,comephore
2001-07-30,0.00,comephore
2001-07-31,0.00,comephore
2001-08-01,0.00,comephore
2001-08-02,106.00,comephore
2001-08-03,313.00,comephore
2001-08-04,16.00,comephore
2001-08-05,0.00,comephore
2001-08-06,106.00,comephore
2001-08-07,1.00,comephore
2001-08-08,10.00,comephore
2001-08-09,2.00,comephore
2001-08-10,0.00,comephore
2001-08-11,0.00,comephore
2001-08-12,0.00,comephore
2001-08-13,1.00,comephore
2001-08-14,0.00,comephore
2001-08-15,0.00,comephore
2001-08-16,33.00,comephore
2001-08-17,12.00,comephore
2001-08-18,11.00,comephore
2001-08-19,121.00,comephore
2001-08-20,127.00,comephore
2001-08-21,1.00,comephore
2001-08-22,0.00,comephore
2001-08-23,0.00,comephore
2001-08-24,0.00,comephore
2001-08-25,0.00,comephore
2001-08-26,0.00,comephore
2001-08-27,0.00,comephore
2001-08-28,0.00,comephore
2001-08-29,43.00,comephore
2001-08-30,91.00,comephore
2001-08-31,68.00,comephore
2001-09-01,1.00,comephore
2001-09-02,0.00,comephore
2001-09-03,0.00,comephore
2001-09-04,125.00,comephore
2001-09-05,0.00,comephore
2001-09-06,26.00,comephore
2001-09-07,0.00,comephore
2001-09-08,12.00,comephore
2001-09-09,74.00,comephore
2001-09-10,5.00,comephore
2001-09-11,0.00,comephore
2001-09-12,0.00,comephore
2001-09-13,37.00,comephore
2001-09-14,95.00,comephore
2001-09-15,0.00,comephore
2001-09-16,72.00,comephore
2001-09-17,17.00,comephore
2001-09-18,30.00,comephore
2001-09-19,72.00,comephore
2001-09-20,125.00,comephore
2001-09-21,0.00,comephore
2001-09-22,13.00,comephore
2001-09-23,128.00,comephore
2001-09-24,2.00,comephore
2001-09-25,0.00,comephore
2001-09-26,0.00,comephore
2001-09-27,0.00,comephore
2001-09-28,0.00,comephore
2001-09-29,81.00,comephore
2001-09-30,5.00,comephore
2001-10-01,0.00,comephore
2001-10-02,0.00,comephore
2001-10-03,244.00,comephore
2001-10-04,22.00,comephore
2001-10-05,6.00,comephore
2001-10-06,31.00,comephore
2001-10-07,137.00,comephore
2001-10-08,67.00,comephore
2001-10-09,22.00,comephore
2001-10-10,0.00,comephore
2001-10-11,1.00,comephore
2001-10-12,0.00,comephore
2001-10-13,0.00,comephore
2001-10-14,0.00,comephore
2001-10-15,0.00,comephore
2001-10-16,0.00,comephore
2001-10-17,0.00,comephore
2001-10-18,67.00,comephore
2001-10-19,0.00,comephore
2001-10-20,149.00,comephore
2001-10-21,40.00,comephore
2001-10-22,0.00,comephore
2001-10-23,60.00,comephore
2001-10-24,17.00,comephore
2001-10-25,9.00,comephore
2001-10-26,0.00,comephore
2001-10-27,0.00,comephore
2001-10-28,0.00,comephore
2001-10-29,0.00,comephore
2001-10-30,2.00,comephore
2001-10-31,67.00,comephore
2001-11-01,0.00,comephore
2001-11-02,0.00,comephore
2001-11-03,0.00,comephore
2001-11-04,0.00,comephore
2001-11-05,0.00,comephore
2001-11-06,12.00,comephore
2001-11-07,77.00,comephore
2001-11-08,198.00,comephore
2001-11-09,1.00,comephore
2001-11-10,0.00,comephore
2001-11-11,0.00,comephore
2001-11-12,0.00,comephore
2001-11-13,28.00,comephore
2001-11-14,0.00,comephore
2001-11-15,0.00,comephore
2001-11-16,0.00,comephore
2001-11-17,0.00,comephore
2001-11-18,0.00,comephore
2001-11-19,0.00,comephore
2001-11-20,0.00,comephore
2001-11-21,0.00,comephore
2001-11-22,49.00,comephore
2001-11-23,32.00,comephore
2001-11-24,3.00,comephore
2001-11-25,15.00,comephore
2001-11-26,1.00,comephore
2001-11-27,90.00,comephore
2001-11-28,30.00,comephore
2001-11-29,127.00,comephore
2001-11-30,243.00,comephore
2001-12-01,2.00,comephore
2001-12-02,0.00,comephore
2001-12-03,0.00,comephore
2001-12-04,15.00,comephore
2001-12-05,29.00,comephore
2001-12-06,8.00,comephore
2001-12-07,0.00,comephore
2001-12-08,0.00,comephore
2001-12-09,0.00,comephore
2001-12-10,0.00,comephore
2001-12-11,0.00,comephore
2001-12-12,0.00,comephore
2001-12-13,0.00,comephore
2001-12-14,0.00,comephore
2001-12-15,0.00,comephore
2001-12-16,0.00,comephore
2001-12-17,0.00,comephore
2001-12-18,0.00,comephore
2001-12-19,0.00,comephore
2001-12-20,0.00,comephore
2001-12-21,0.00,comephore
2001-12-22,42.00,comephore
2001-12-23,2.00,comephore
2001-12-24,0.00,comephore
2001-12-25,18.00,comephore
2001-12-26,44.00,comephore
2001-12-27,30.00,comephore
2001-12-28,78.00,comephore
2001-12-29,204.00,comephore
2001-12-30,31.00,comephore
2001-12-31,0.00,comephore
2002-01-01,0.00,comephore
2002-01-02,0.00,comephore
2002-01-03,0.00,comephore
2002-01-04,0.00,comephore
2002-01-05,0.00,comephore
2002-01-06,0.00,comephore
2002-01-07,0.00,comephore
2002-01-08,0.00,comephore
2002-01-09,0.00,comephore
2002-01-10,0.00,comephore
2002-01-11,0.00,comephore
2002-01-12,0.00,comephore
2002-01-13,0.00,comephore
2002-01-14,0.00,comephore
2002-01-15,44.00,comephore
2002-01-16,55.00,comephore
2002-01-17,0.00,comephore
2002-01-18,0.00,comephore
2002-01-19,6.00,comephore
2002-01-20,0.00,comephore
2002-01-21,1.00,comephore
2002-01-22,1.00,comephore
2002-01-23,43.00,comephore
2002-01-24,20.00,comephore
2002-01-25,17.00,comephore
2002-01-26,21.00,comephore
2002-01-27,153.00,comephore
2002-01-28,0.00,comephore
2002-01-29,0.00,comephore
2002-01-30,0.00,comephore
2002-01-31,0.00,comephore
2002-02-01,0.00,comephore
2002-02-02,0.00,comephore
2002-02-03,0.00,comephore
2002-02-04,25.00,comephore
2002-02-05,71.00,comephore
2002-02-06,34.00,comephore
2002-02-07,2.00,comephore
2002-02-08,37.00,comephore
2002-02-09,21.00,comephore
2002-02-10,39.00,comephore
2002-02-11,0.00,comephore
2002-02-12,0.00,comephore
2002-02-13,0.00,comephore
2002-02-14,66.00,comephore
2002-02-15,0.00,comephore
2002-02-16,0.00,comephore
2002-02-17,0.00,comephore
2002-02-18,0.00,comephore
2002-02-19,36.00,comephore
2002-02-20,273.00,comephore
2002-02-21,18.00,comephore
2002-02-22,29.00,comephore
2002-02-23,21.00,comephore
2002-02-24,36.00,comephore
2002-02-25,31.00,comephore
2002-02-26,27.00,comephore
2002-02-27,70.00,comephore
2002-02-28,6.00,comephore
2002-03-01,0.00,comephore
2002-03-02,79.00,comephore
2002-03-03,0.00,comephore
2002-03-04,0.00,comephore
2002-03-05,0.00,comephore
2002-03-06,0.00,comephore
2002-03-07,0.00,comephore
2002-03-08,0.00,comephore
2002-03-09,0.00,comephore
2002-03-10,0.00,comephore
2002-03-11,0.00,comephore
2002-03-12,0.00,comephore
2002-03-13,0.00,comephore
2002-03-14,37.00,comephore
2002-03-15,99.00,comephore
2002-03-16,0.00,comephore
2002-03-17,0.00,comephore
2002-03-18,51.00,comephore
2002-03-19,71.00,comephore
2002-03-20,2.00,comephore
2002-03-21,21.00,comephore
2002-03-22,2.00,comephore
2002-03-23,3.00,comephore
2002-03-24,0.00,comephore
2002-03-25,0.00,comephore
2002-03-26,0.00,comephore
2002-03-27,0.00,comephore
2002-03-28,0.00,comephore
2002-03-29,0.00,comephore
2002-03-30,0.00,comephore
2002-03-31,0.00,comephore
2002-04-01,0.00,comephore
2002-04-02,0.00,comephore
2002-04-03,0.00,comephore
2002-04-04,0.00,comephore
2002-04-05,0.00,comephore
2002-04-06,0.00,comephore
2002-04-07,20.00,comephore
2002-04-08,0.00,comephore
2002-04-09,0.00,comephore
2002-04-10,0.00,comephore
2002-04-11,0.00,comephore
2002-04-12,0.00,comephore
2002-04-13,97.00,comephore
2002-04-14,5.00,comephore
2002-04-15,0.00,comephore
2002-04-16,2.00,comephore
2002-04-17,0.00,comephore
2002-04-18,0.00,comephore
2002-04-19,0.00,comephore
2002-04-20,0.00,comephore
2002-04-21,0.00,comephore
2002-04-22,0.00,comephore
2002-04-23,0.00,comephore
2002-04-24,0.00,comephore
2002-04-25,0.00,comephore
2002-04-26,80.00,comephore
2002-04-27,6.00,comephore
2002-04-28,3.00,comephore
2002-04-29,21.00,comephore
2002-04-30,0.00,comephore
2002-05-01,0.00,comephore
2002-05-02,104.00,comephore
2002-05-03,99.00,comephore
2002-05-04,146.00,comephore
2002-05-05,61.00,comephore
2002-05-06,0.00,comephore
2002-05-07,0.00,comephore
2002-05-08,0.00,comephore
2002-05-09,24.00,comephore
2002-05-10,36.00,comephore
2002-05-11,5.00,comephore
2002-05-12,84.00,comephore
2002-05-13,13.00,comephore
2002-05-14,73.00,comephore
2002-05-15,0.00,comephore
2002-05-16,0.00,comephore
2002-05-17,0.00,comephore
2002-05-18,225.00,comephore
2002-05-19,0.00,comephore
2002-05-20,0.00,comephore
2002-05-21,0.00,comephore
2002-05-22,49.00,comephore
2002-05-23,200.00,comephore
2002-05-24,6.00,comephore
2002-05-25,107.00,comephore
2002-05-26,24.00,comephore
2002-05-27,13.00,comephore
2002-05-28,9.00,comephore
2002-05-29,23.00,comephore
2002-05-30,0.00,comephore
2002-05-31,0.00,comephore
2002-06-01,0.00,comephore
2002-06-02,0.00,comephore
2002-06-03,52.00,comephore
2002-06-04,12.00,comephore
2002-06-05,41.00,comephore
2002-06-06,16.00,comephore
2002-06-07,0.00,comephore
2002-06-08,17.00,comephore
2002-06-09,10.00,comephore
2002-06-10,31.00,comephore
2002-06-11,0.00,comephore
2002-06-12,0.00,comephore
2002-06-13,0.00,comephore
2002-06-14,0.00,comephore
2002-06-15,0.00,comephore
2002-06-16,0.00,comephore
2002-06-17,0.00,comephore
2002-06-18,0.00,comephore
2002-06-19,0.00,comephore
2002-06-20,43.00,comephore
2002-06-21,0.00,comephore
2002-06-22,0.00,comephore
2002-06-23,10.00,comephore
2002-06-24,351.00,comephore
2002-06-25,0.00,comephore
2002-06-26,0.00,comephore
2002-06-27,18.00,comephore
2002-06-28,2.00,comephore
2002-06-29,0.00,comephore
2002-06-30,0.00,comephore
2002-07-01,0.00,comephore
2002-07-02,39.00,comephore
2002-07-03,35.00,comephore
2002-07-04,2.00,comephore
2002-07-05,33.00,comephore
2002-07-06,84.00,comephore
2002-07-07,0.00,comephore
2002-07-08,0.00,comephore
2002-07-09,3.00,comephore
2002-07-10,242.00,comephore
2002-07-11,0.00,comephore
2002-07-12,0.00,comephore
2002-07-13,34.00,comephore
2002-07-14,12.00,comephore
2002-07-15,10.00,comephore
2002-07-16,349.00,comephore
2002-07-17,272.00,comephore
2002-07-18,0.00,comephore
2002-07-19,0.00,comephore
2002-07-20,0.00,comephore
2002-07-21,20.00,comephore
2002-07-22,0.00,comephore
2002-07-23,0.00,comephore
2002-07-24,8.00,comephore
2002-07-25,0.00,comephore
2002-07-26,0.00,comephore
2002-07-27,0.00,comephore
2002-07-28,0.00,comephore
2002-07-29,0.00,comephore
2002-07-30,0.00,comephore
2002-07-31,58.00,comephore
2002-08-01,0.00,comephore
2002-08-02,26.00,comephore
2002-08-03,5.00,comephore
2002-08-04,29.00,comephore
2002-08-05,19.00,comephore
2002-08-06,87.00,comephore
2002-08-07,11.00,comephore
2002-08-08,0.00,comephore
2002-08-09,102.00,comephore
2002-08-10,160.00,comephore
2002-08-11,54.00,comephore
2002-08-12,58.00,comephore
2002-08-13,0.00,comephore
2002-08-14,0.00,comephore
2002-08-15,0.00,comephore
2002-08-16,0.00,comephore
2002-08-17,0.00,comephore
2002-08-18,0.00,comephore
2002-08-19,0.00,comephore
2002-08-20,55.00,comephore
2002-08-21,1.00,comephore
2002-08-22,0.00,comephore
2002-08-23,37.00,comephore
2002-08-24,12.00,comephore
2002-08-25,53.00,comephore
2002-08-26,53.00,comephore
2002-08-27,5.00,comephore
2002-08-28,2.00,comephore
2002-08-29,0.00,comephore
2002-08-30,71.00,comephore
2002-08-31,127.00,comephore
2002-09-01,0.00,comephore
2002-09-02,0.00,comephore
2002-09-03,21.00,comephore
2002-09-04,3.00,comephore
2002-09-05,7.00,comephore
2002-09-06,16.00,comephore
2002-09-07,0.00,comephore
2002-09-08,0.00,comephore
2002-09-09,90.00,comephore
2002-09-10,10.00,comephore
2002-09-11,10.00,comephore
2002-09-12,0.00,comephore
2002-09-13,0.00,comephore
2002-09-14,0.00,comephore
2002-09-15,0.00,comephore
2002-09-16,0.00,comephore
2002-09-17,0.00,comephore
2002-09-18,0.00,comephore
2002-09-19,44.00,comephore
2002-09-20,0.00,comephore
2002-09-21,1.00,comephore
2002-09-22,5.00,comephore
2002-09-23,34.00,comephore
2002-09-24,24.00,comephore
2002-09-25,0.00,comephore
2002-09-26,22.00,comephore
2002-09-27,0.00,comephore
2002-09-28,0.00,comephore
2002-09-29,0.00,comephore
2002-09-30,0.00,comephore
2002-10-01,0.00,comephore
2002-10-02,0.00,comephore
2002-10-03,0.00,comephore
2002-10-04,36.00,comephore
2002-10-05,0.00,comephore
2002-10-06,24.00,comephore
2002-10-07,0.00,comephore
2002-10-08,0.00,comephore
2002-10-09,2.00,comephore
2002-10-10,0.00,comephore
2002-10-11,8.00,comephore
2002-10-12,21.00,comephore
2002-10-13,13.00,comephore
2002-10-14,91.00,comephore
2002-10-15,109.00,comephore
2002-10-16,157.00,comephore
2002-10-17,163.00,comephore
2002-10-18,83.00,comephore
2002-10-19,2.00,comephore
2002-10-20,0.00,comephore
2002-10-21,140.00,comephore
2002-10-22,10.00,comephore
2002-10-23,97.00,comephore
2002-10-24,49.00,comephore
2002-10-25,59.00,comephore
2002-10-26,0.00,comephore
2002-10-27,0.00,comephore
2002-10-28,0.00,comephore
2002-10-29,0.00,comephore
2002-10-30,0.00,comephore
2002-10-31,0.00,comephore
2002-11-01,0.00,comephore
2002-11-02,314.00,comephore
2002-11-03,157.00,comephore
2002-11-04,61.00,comephore
2002-11-05,20.00,comephore
2002-11-06,17.00,comephore
2002-11-07,153.00,comephore
2002-11-08,1.00,comephore
2002-11-09,118.00,comephore
2002-11-10,47.00,comephore
2002-11-11,118.00,comephore
2002-11-12,0.00,comephore
2002-11-13,86.00,comephore
2002-11-14,371.00,comephore
2002-11-15,331.00,comephore
2002-11-16,251.00,comephore
2002-11-17,0.00,comephore
2002-11-18,0.00,comephore
2002-11-19,0.00,comephore
2002-11-20,0.00,comephore
2002-11-21,222.00,comephore
2002-11-22,18.00,comephore
2002-11-23,324.00,comephore
2002-11-24,317.00,comephore
2002-11-25,14.00,comephore
2002-11-26,0.00,comephore
2002-11-27,0.00,comephore
2002-11-28,67.00,comephore
2002-11-29,30.00,comephore
2002-11-30,23.00,comephore
2002-12-01,0.00,comephore
2002-12-02,31.00,comephore
2002-12-03,69.00,comephore
2002-12-04,0.00,comephore
2002-12-05,0.00,comephore
2002-12-06,0.00,comephore
2002-12-07,0.00,comephore
2002-12-08,0.00,comephore
2002-12-09,12.00,comephore
2002-12-10,0.00,comephore
2002-12-11,2.00,comephore
2002-12-12,38.00,comephore
2002-12-13,0.00,comephore
2002-12-14,15.00,comephore
2002-12-15,48.00,comephore
2002-12-16,150.00,comephore
2002-12-17,102.00,comephore
2002-12-18,0.00,comephore
2002-12-19,0.00,comephore
2002-12-20,11.00,comephore
2002-12-21,133.00,comephore
2002-12-22,92.00,comephore
2002-12-23,11.00,comephore
2002-12-24,0.00,comephore
2002-12-25,0.00,comephore
2002-12-26,25.00,comephore
2002-12-27,39.00,comephore
2002-12-28,72.00,comephore
2002-12-29,28.00,comephore
2002-12-30,14.00,comephore
2002-12-31,34.00,comephore
2003-01-01,0.00,comephore
2003-01-02,129.00,comephore
2003-01-03,50.00,comephore
2003-01-04,99.00,comephore
2003-01-05,8.00,comephore
2003-01-06,0.00,comephore
2003-01-07,0.00,comephore
2003-01-08,38.00,comephore
2003-01-09,0.00,comephore
2003-01-10,0.00,comephore
2003-01-11,0.00,comephore
2003-01-12,0.00,comephore
2003-01-13,22.00,comephore
2003-01-14,14.00,comephore
2003-01-15,0.00,comephore
2003-01-16,19.00,comephore
2003-01-17,0.00,comephore
2003-01-18,0.00,comephore
2003-01-19,31.00,comephore
2003-01-20,14.00,comephore
2003-01-21,86.00,comephore
2003-01-22,84.00,comephore
2003-01-23,93.00,comephore
2003-01-24,2.00,comephore
2003-01-25,0.00,comephore
2003-01-26,35.00,comephore
2003-01-27,0.00,comephore
2003-01-28,32.00,comephore
2003-01-29,82.00,comephore
2003-01-30,13.00,comephore
2003-01-31,1.00,comephore
2003-02-01,0.00,comephore
2003-02-02,42.00,comephore
2003-02-03,259.00,comephore
2003-02-04,47.00,comephore
2003-02-05,12.00,comephore
2003-02-06,4.00,comephore
2003-02-07,0.00,comephore
2003-02-08,0.00,comephore
2003-02-09,10.00,comephore
2003-02-10,0.00,comephore
2003-02-11,0.00,comephore
2003-02-12,0.00,comephore
2003-02-13,0.00,comephore
2003-02-14,0.00,comephore
2003-02-15,0.00,comephore
2003-02-16,0.00,comephore
2003-02-17,0.00,comephore
2003-02-18,0.00,comephore
2003-02-19,0.00,comephore
2003-02-20,0.00,comephore
2003-02-21,0.00,comephore
2003-02-22,0.00,comephore
2003-02-23,0.00,comephore
2003-02-24,0.00,comephore
2003-02-25,0.00,comephore
2003-02-26,0.00,comephore
2003-02-27,0.00,comephore
2003-02-28,0.00,comephore
2003-03-01,0.00,comephore
2003-03-02,90.00,comephore
2003-03-03,0.00,comephore
2003-03-04,6.00,comephore
2003-03-05,0.00,comephore
2003-03-06,75.00,comephore
2003-03-07,0.00,comephore
2003-03-08,0.00,comephore
2003-03-09,0.00,comephore
2003-03-10,0.00,comephore
2003-03-11,0.00,comephore
2003-03-12,11.00,comephore
2003-03-13,0.00,comephore
2003-03-14,0.00,comephore
2003-03-15,0.00,comephore
2003-03-16,0.00,comephore
2003-03-17,0.00,comephore
2003-03-18,0.00,comephore
2003-03-19,0.00,comephore
2003-03-20,0.00,comephore
2003-03-21,0.00,comephore
2003-03-22,0.00,comephore
2003-03-23,0.00,comephore
2003-03-24,0.00,comephore
2003-03-25,0.00,comephore
2003-03-26,0.00,comephore
2003-03-27,0.00,comephore
2003-03-28,2.00,comephore
2003-03-29,8.00,comephore
2003-03-30,8.00,comephore
2003-03-31,0.00,comephore
2003-04-01,0.00,comephore
2003-04-02,82.00,comephore
2003-04-03,0.00,comephore
2003-04-04,0.00,comephore
2003-04-05,0.00,comephore
2003-04-06,0.00,comephore
2003-04-07,0.00,comephore
2003-04-08,0.00,comephore
2003-04-09,0.00,comephore
2003-04-10,125.00,comephore
2003-04-11,8.00,comephore
2003-04-12,13.00,comephore
2003-04-13,0.00,comephore
2003-04-14,0.00,comephore
2003-04-15,0.00,comephore
2003-04-16,0.00,comephore
2003-04-17,0.00,comephore
2003-04-18,0.00,comephore
2003-04-19,51.00,comephore
2003-04-20,13.00,comephore
2003-04-21,0.00,comephore
2003-04-22,0.00,comephore
2003-04-23,0.00,comephore
2003-04-24,0.00,comephore
2003-04-25,0.00,comephore
2003-04-26,192.00,comephore
2003-04-27,0.00,comephore
2003-04-28,0.00,comephore
2003-04-29,36.00,comephore
2003-04-30,187.00,comephore
2003-05-01,0.00,comephore
2003-05-02,54.00,comephore
2003-05-03,0.00,comephore
2003-05-04,0.00,comephore
2003-05-05,0.00,comephore
2003-05-06,0.00,comephore
2003-05-07,0.00,comephore
2003-05-08,0.00,comephore
2003-05-09,2.00,comephore
2003-05-10,0.00,comephore
2003-05-11,60.00,comephore
2003-05-12,0.00,comephore
2003-05-13,64.00,comephore
2003-05-14,3.00,comephore
2003-05-15,0.00,comephore
2003-05-16,0.00,comephore
2003-05-17,51.00,comephore
2003-05-18,19.00,comephore
2003-05-19,71.00,comephore
2003-05-20,57.00,comephore
2003-05-21,4.00,comephore
2003-05-22,67.00,comephore
2003-05-23,0.00,comephore
2003-05-24,0.00,comephore
2003-05-25,62.00,comephore
2003-05-26,14.00,comephore
2003-05-27,0.00,comephore
2003-05-28,0.00,comephore
2003-05-29,14.00,comephore
2003-05-30,0.00,comephore
2003-05-31,0.00,comephore
2003-06-01,0.00,comephore
2003-06-02,46.00,comephore
2003-06-03,0.00,comephore
2003-06-04,0.00,comephore
2003-06-05,0.00,comephore
2003-06-06,183.00,comephore
2003-06-07,0.00,comephore
2003-06-08,0.00,comephore
2003-06-09,0.00,comephore
2003-06-10,0.00,comephore
2003-06-11,0.00,comephore
2003-06-12,0.00,comephore
2003-06-13,0.00,comephore
2003-06-14,0.00,comephore
2003-06-15,31.00,comephore
2003-06-16,0.00,comephore
2003-06-17,15.00,comephore
2003-06-18,0.00,comephore
2003-06-19,0.00,comephore
2003-06-20,0.00,comephore
2003-06-21,0.00,comephore
2003-06-22,0.00,comephore
2003-06-23,0.00,comephore
2003-06-24,4.00,comephore
2003-06-25,44.00,comephore
2003-06-26,28.00,comephore
2003-06-27,0.00,comephore
2003-06-28,0.00,comephore
2003-06-29,0.00,comephore
2003-06-30,150.00,comephore
2003-07-01,0.00,comephore
2003-07-02,21.00,comephore
2003-07-03,76.00,comephore
2003-07-04,164.00,comephore
2003-07-05,0.00,comephore
2003-07-06,0.00,comephore
2003-07-07,0.00,comephore
2003-07-08,0.00,comephore
2003-07-09,0.00,comephore
2003-07-10,0.00,comephore
2003-07-11,0.00,comephore
2003-07-12,0.00,comephore
2003-07-13,0.00,comephore
2003-07-14,0.00,comephore
2003-07-15,0.00,comephore
2003-07-16,5.00,comephore
2003-07-17,0.00,comephore
2003-07-18,0.00,comephore
2003-07-19,0.00,comephore
2003-07-20,4.00,comephore
2003-07-21,119.00,comephore
2003-07-22,0.00,comephore
2003-07-23,4.00,comephore
2003-07-24,5.00,comephore
2003-07-25,0.00,comephore
2003-07-26,15.00,comephore
2003-07-27,157.00,comephore
2003-07-28,0.00,comephore
2003-07-29,0.00,comephore
2003-07-30,0.00,comephore
2003-07-31,29.00,comephore
2003-08-01,0.00,comephore
2003-08-02,0.00,comephore
2003-08-03,0.00,comephore
2003-08-04,0.00,comephore
2003-08-05,0.00,comephore
2003-08-06,0.00,comephore
2003-08-07,0.00,comephore
2003-08-08,0.00,comephore
2003-08-09,0.00,comephore
2003-08-10,0.00,comephore
2003-08-11,0.00,comephore
2003-08-12,0.00,comephore
2003-08-13,3.00,comephore
2003-08-14,48.00,comephore
2003-08-15,51.00,comephore
2003-08-16,9.00,comephore
2003-08-17,100.00,comephore
2003-08-18,40.00,comephore
2003-08-19,0.00,comephore
2003-08-20,7.00,comephore
2003-08-21,0.00,comephore
2003-08-22,0.00,comephore
2003-08-23,0.00,comephore
2003-08-24,0.00,comephore
2003-08-25,0.00,comephore
2003-08-26,0.00,comephore
2003-08-27,0.00,comephore
2003-08-28,73.00,comephore
2003-08-29,62.00,comephore
2003-08-30,75.00,comephore
2003-08-31,66.00,comephore
2003-09-01,0.00,comephore
2003-09-02,0.00,comephore
2003-09-03,0.00,comephore
2003-09-04,0.00,comephore
2003-09-05,14.00,comephore
2003-09-06,46.00,comephore
2003-09-07,121.00,comephore
2003-09-08,32.00,comephore
2003-09-09,8.00,comephore
2003-09-10,0.00,comephore
2003-09-11,8.00,comephore
2003-09-12,0.00,comephore
2003-09-13,0.00,comephore
2003-09-14,0.00,comephore
2003-09-15,0.00,comephore
2003-09-16,0.00,comephore
2003-09-17,0.00,comephore
2003-09-18,0.00,comephore
2003-09-19,0.00,comephore
2003-09-20,0.00,comephore
2003-09-21,0.00,comephore
2003-09-22,0.00,comephore
2003-09-23,42.00,comephore
2003-09-24,0.00,comephore
2003-09-25,0.00,comephore
2003-09-26,0.00,comephore
2003-09-27,15.00,comephore
2003-09-28,201.00,comephore
2003-09-29,0.00,comephore
2003-09-30,0.00,comephore
2003-10-01,0.00,comephore
2003-10-02,8.00,comephore
2003-10-03,118.00,comephore
2003-10-04,144.00,comephore
2003-10-05,69.00,comephore
2003-10-06,16.00,comephore
2003-10-07,145.00,comephore
2003-10-08,29.00,comephore
2003-10-09,46.00,comephore
2003-10-10,0.00,comephore
2003-10-11,0.00,comephore
2003-10-12,0.00,comephore
2003-10-13,0.00,comephore
2003-10-14,0.00,comephore
2003-10-15,0.00,comephore
2003-10-16,0.00,comephore
2003-10-17,0.00,comephore
2003-10-18,0.00,comephore
2003-10-19,138.00,comephore
2003-10-20,283.00,comephore
2003-10-21,20.00,comephore
2003-10-22,0.00,comephore
2003-10-23,118.00,comephore
2003-10-24,0.00,comephore
2003-10-25,0.00,comephore
2003-10-26,0.00,comephore
2003-10-27,0.00,comephore
2003-10-28,0.00,comephore
2003-10-29,150.00,comephore
2003-10-30,41.00,comephore
2003-10-31,540.00,comephore
2003-11-01,3.00,comephore
2003-11-02,0.00,comephore
2003-11-03,30.00,comephore
2003-11-04,0.00,comephore
2003-11-05,0.00,comephore
2003-11-06,0.00,comephore
2003-11-07,0.00,comephore
2003-11-08,0.00,comephore
2003-11-09,10.00,comephore
2003-11-10,0.00,comephore
2003-11-11,0.00,comephore
2003-11-12,103.00,comephore
2003-11-13,1.00,comephore
2003-11-14,17.00,comephore
2003-11-15,0.00,comephore
2003-11-16,246.00,comephore
2003-11-17,13.00,comephore
2003-11-18,0.00,comephore
2003-11-19,0.00,comephore
2003-11-20,0.00,comephore
2003-11-21,0.00,comephore
2003-11-22,0.00,comephore
2003-11-23,1.00,comephore
2003-11-24,0.00,comephore
2003-11-25,0.00,comephore
2003-11-26,31.00,comephore
2003-11-27,344.00,comephore
2003-11-28,5.00,comephore
2003-11-29,0.00,comephore
2003-11-30,20.00,comephore
2003-12-01,0.00,comephore
2003-12-02,29.00,comephore
2003-12-03,0.00,comephore
2003-12-04,0.00,comephore
2003-12-05,0.00,comephore
2003-12-06,0.00,comephore
2003-12-07,0.00,comephore
2003-12-08,0.00,comephore
2003-12-09,0.00,comephore
2003-12-10,0.00,comephore
2003-12-11,46.00,comephore
2003-12-12,44.00,comephore
2003-12-13,15.00,comephore
2003-12-14,21.00,comephore
2003-12-15,11.00,comephore
2003-12-16,0.00,comephore
2003-12-17,0.00,comephore
2003-12-18,0.00,comephore
2003-12-19,0.00,comephore
2003-12-20,123.00,comephore
2003-12-21,113.00,comephore
2003-12-22,22.00,comephore
2003-12-23,0.00,comephore
2003-12-24,0.00,comephore
2003-12-25,0.00,comephore
2003-12-26,0.00,comephore
2003-12-27,14.00,comephore
2003-12-28,38.00,comephore
2003-12-29,0.00,comephore
2003-12-30,0.00,comephore
2003-12-31,3.00,comephore
2004-01-01,0.00,comephore
2004-01-02,12.00,comephore
2004-01-03,0.00,comephore
2004-01-04,0.00,comephore
2004-01-05,0.00,comephore
2004-01-06,0.00,comephore
2004-01-07,0.00,comephore
2004-01-08,110.00,comephore
2004-01-09,22.00,comephore
2004-01-10,0.00,comephore
2004-01-11,71.00,comephore
2004-01-12,109.00,comephore
2004-01-13,194.00,comephore
2004-01-14,45.00,comephore
2004-01-15,0.00,comephore
2004-01-16,34.00,comephore
2004-01-17,177.00,comephore
2004-01-18,117.00,comephore
2004-01-19,47.00,comephore
2004-01-20,213.00,comephore
2004-01-21,0.00,comephore
2004-01-22,1.00,comephore
2004-01-23,19.00,comephore
2004-01-24,43.00,comephore
2004-01-25,28.00,comephore
2004-01-26,127.00,comephore
2004-01-27,58.00,comephore
2004-01-28,62.00,comephore
2004-01-29,31.00,comephore
2004-01-30,0.00,comephore
2004-01-31,11.00,comephore
2004-02-01,0.00,comephore
2004-02-02,0.00,comephore
2004-02-03,0.00,comephore
2004-02-04,0.00,comephore
2004-02-05,0.00,comephore
2004-02-06,0.00,comephore
2004-02-07,19.00,comephore
2004-02-08,34.00,comephore
2004-02-09,0.00,comephore
2004-02-10,0.00,comephore
2004-02-11,4.00,comephore
2004-02-12,0.00,comephore
2004-02-13,0.00,comephore
2004-02-14,0.00,comephore
2004-02-15,0.00,comephore
2004-02-16,0.00,comephore
2004-02-17,0.00,comephore
2004-02-18,0.00,comephore
2004-02-19,0.00,comephore
2004-02-20,0.00,comephore
2004-02-21,34.00,comephore
2004-02-22,173.00,comephore
2004-02-23,124.00,comephore
2004-02-24,0.00,comephore
2004-02-25,0.00,comephore
2004-02-26,5.00,comephore
2004-02-27,0.00,comephore
2004-02-28,4.00,comephore
2004-02-29,2.00,comephore
2004-03-01,0.00,comephore
2004-03-02,0.00,comephore
2004-03-03,0.00,comephore
2004-03-04,10.00,comephore
2004-03-05,48.00,comephore
2004-03-06,52.00,comephore
2004-03-07,11.00,comephore
2004-03-08,0.00,comephore
2004-03-09,0.00,comephore
2004-03-10,36.00,comephore
2004-03-11,0.00,comephore
2004-03-12,38.00,comephore
2004-03-13,385.00,comephore
2004-03-14,8.00,comephore
2004-03-15,0.00,comephore
2004-03-16,0.00,comephore
2004-03-17,0.00,comephore
2004-03-18,0.00,comephore
2004-03-19,30.00,comephore
2004-03-20,34.00,comephore
2004-03-21,38.00,comephore
2004-03-22,57.00,comephore
2004-03-23,43.00,comephore
2004-03-24,6.00,comephore
2004-03-25,0.00,comephore
2004-03-26,0.00,comephore
2004-03-27,0.00,comephore
2004-03-28,0.00,comephore
2004-03-29,0.00,comephore
2004-03-30,0.00,comephore
2004-03-31,0.00,comephore
2004-04-01,0.00,comephore
2004-04-02,26.00,comephore
2004-04-03,0.00,comephore
2004-04-04,28.00,comephore
2004-04-05,30.00,comephore
2004-04-06,34.00,comephore
2004-04-07,57.00,comephore
2004-04-08,2.00,comephore
2004-04-09,26.00,comephore
2004-04-10,2.00,comephore
2004-04-11,0.00,comephore
2004-04-12,0.00,comephore
2004-04-13,0.00,comephore
2004-04-14,0.00,comephore
2004-04-15,1.00,comephore
2004-04-16,0.00,comephore
2004-04-17,40.00,comephore
2004-04-18,49.00,comephore
2004-04-19,0.00,comephore
2004-04-20,1.00,comephore
2004-04-21,0.00,comephore
2004-04-22,0.00,comephore
2004-04-23,0.00,comephore
2004-04-24,0.00,comephore
2004-04-25,0.00,comephore
2004-04-26,0.00,comephore
2004-04-27,0.00,comephore
2004-04-28,2.00,comephore
2004-04-29,0.00,comephore
2004-04-30,21.00,comephore
2004-05-01,1.00,comephore
2004-05-02,7.00,comephore
2004-05-03,13.00,comephore
2004-05-04,0.00,comephore
2004-05-05,75.00,comephore
2004-05-06,6.00,comephore
2004-05-07,2.00,comephore
2004-05-08,219.00,comephore
2004-05-09,256.00,comephore
2004-05-10,0.00,comephore
2004-05-11,18.00,comephore
2004-05-12,0.00,comephore
2004-05-13,0.00,comephore
2004-05-14,0.00,comephore
2004-05-15,0.00,comephore
2004-05-16,0.00,comephore
2004-05-17,0.00,comephore
2004-05-18,0.00,comephore
2004-05-19,0.00,comephore
2004-05-20,40.00,comephore
2004-05-21,134.00,comephore
2004-05-22,0.00,comephore
2004-05-23,0.00,comephore
2004-05-24,0.00,comephore
2004-05-25,0.00,comephore
2004-05-26,0.00,comephore
2004-05-27,5.00,comephore
2004-05-28,0.00,comephore
2004-05-29,0.00,comephore
2004-05-30,21.00,comephore
2004-05-31,22.00,comephore
2004-06-01,2.00,comephore
2004-06-02,67.00,comephore
2004-06-03,16.00,comephore
2004-06-04,0.00,comephore
2004-06-05,0.00,comephore
2004-06-06,0.00,comephore
2004-06-07,0.00,comephore
2004-06-08,0.00,comephore
2004-06-09,0.00,comephore
2004-06-10,0.00,comephore
2004-06-11,52.00,comephore
2004-06-12,0.00,comephore
2004-06-13,8.00,comephore
2004-06-14,0.00,comephore
2004-06-15,0.00,comephore
2004-06-16,0.00,comephore
2004-06-17,0.00,comephore
2004-06-18,0.00,comephore
2004-06-19,10.00,comephore
2004-06-20,53.00,comephore
2004-06-21,17.00,comephore
2004-06-22,21.00,comephore
2004-06-23,116.00,comephore
2004-06-24,0.00,comephore
2004-06-25,0.00,comephore
2004-06-26,0.00,comephore
2004-06-27,0.00,comephore
2004-06-28,0.00,comephore
2004-06-29,0.00,comephore
2004-06-30,0.00,comephore
2004-07-01,0.00,comephore
2004-07-02,0.00,comephore
2004-07-03,0.00,comephore
2004-07-04,0.00,comephore
2004-07-05,184.00,comephore
2004-07-06,59.00,comephore
2004-07-07,25.00,comephore
2004-07-08,245.00,comephore
2004-07-09,0.00,comephore
2004-07-10,31.00,comephore
2004-07-11,35.00,comephore
2004-07-12,44.00,comephore
2004-07-13,55.00,comephore
2004-07-14,0.00,comephore
2004-07-15,0.00,comephore
2004-07-16,128.00,comephore
2004-07-17,40.00,comephore
2004-07-18,38.00,comephore
2004-07-19,0.00,comephore
2004-07-20,20.00,comephore
2004-07-21,15.00,comephore
2004-07-22,16.00,comephore
2004-07-23,57.00,comephore
2004-07-24,50.00,comephore
2004-07-25,0.00,comephore
2004-07-26,0.00,comephore
2004-07-27,0.00,comephore
2004-07-28,0.00,comephore
2004-07-29,0.00,comephore
2004-07-30,0.00,comephore
2004-07-31,0.00,comephore
2004-08-01,0.00,comephore
2004-08-02,0.00,comephore
2004-08-03,127.00,comephore
2004-08-04,58.00,comephore
2004-08-05,56.00,comephore
2004-08-06,0.00,comephore
2004-08-07,0.00,comephore
2004-08-08,0.00,comephore
2004-08-09,2.00,comephore
2004-08-10,164.00,comephore
2004-08-11,0.00,comephore
2004-08-12,144.00,comephore
2004-08-13,38.00,comephore
2004-08-14,0.00,comephore
2004-08-15,0.00,comephore
2004-08-16,0.00,comephore
2004-08-17,418.00,comephore
2004-08-18,145.00,comephore
2004-08-19,309.00,comephore
2004-08-20,15.00,comephore
2004-08-21,55.00,comephore
2004-08-22,0.00,comephore
2004-08-23,0.00,comephore
2004-08-24,309.00,comephore
2004-08-25,4.00,comephore
2004-08-26,53.00,comephore
2004-08-27,2.00,comephore
2004-08-28,14.00,comephore
2004-08-29,23.00,comephore
2004-08-30,77.00,comephore
2004-08-31,0.00,comephore
2004-09-01,0.00,comephore
2004-09-02,0.00,comephore
2004-09-03,0.00,comephore
2004-09-04,0.00,comephore
2004-09-05,0.00,comephore
2004-09-06,0.00,comephore
2004-09-07,0.00,comephore
2004-09-08,0.00,comephore
2004-09-09,0.00,comephore
2004-09-10,0.00,comephore
2004-09-11,39.00,comephore
2004-09-12,11.00,comephore
2004-09-13,0.00,comephore
2004-09-14,7.00,comephore
2004-09-15,14.00,comephore
2004-09-16,0.00,comephore
2004-09-17,0.00,comephore
2004-09-18,0.00,comephore
2004-09-19,35.00,comephore
2004-09-20,0.00,comephore
2004-09-21,0.00,comephore
2004-09-22,0.00,comephore
2004-09-23,44.00,comephore
2004-09-24,49.00,comephore
2004-09-25,5.00,comephore
2004-09-26,4.00,comephore
2004-09-27,0.00,comephore
2004-09-28,0.00,comephore
2004-09-29,0.00,comephore
2004-09-30,0.00,comephore
2004-10-01,0.00,comephore
2004-10-02,0.00,comephore
2004-10-03,0.00,comephore
2004-10-04,0.00,comephore
2004-10-05,0.00,comephore
2004-10-06,173.00,comephore
2004-10-07,17.00,comephore
2004-10-08,74.00,comephore
2004-10-09,34.00,comephore
2004-10-10,172.00,comephore
2004-10-11,31.00,comephore
2004-10-12,8.00,comephore
2004-10-13,0.00,comephore
2004-10-14,136.00,comephore
2004-10-15,156.00,comephore
2004-10-16,58.00,comephore
2004-10-17,109.00,comephore
2004-10-18,7.00,comephore
2004-10-19,163.00,comephore
2004-10-20,29.00,comephore
2004-10-21,3.00,comephore
2004-10-22,27.00,comephore
2004-10-23,0.00,comephore
2004-10-24,0.00,comephore
2004-10-25,141.00,comephore
2004-10-26,345.00,comephore
2004-10-27,13.00,comephore
2004-10-28,152.00,comephore
2004-10-29,133.00,comephore
2004-10-30,11.00,comephore
2004-10-31,0.00,comephore
2004-11-01,0.00,comephore
2004-11-02,33.00,comephore
2004-11-03,0.00,comephore
2004-11-04,54.00,comephore
2004-11-05,2.00,comephore
2004-11-06,0.00,comephore
2004-11-07,12.00,comephore
2004-11-08,0.00,comephore
2004-11-09,0.00,comephore
2004-11-10,0.00,comephore
2004-11-11,0.00,comephore
2004-11-12,0.00,comephore
2004-11-13,12.00,comephore
2004-11-14,0.00,comephore
2004-11-15,0.00,comephore
2004-11-16,0.00,comephore
2004-11-17,0.00,comephore
2004-11-18,0.00,comephore
2004-11-19,58.00,comephore
2004-11-20,23.00,comephore
2004-11-21,6.00,comephore
2004-11-22,1.00,comephore
2004-11-23,8.00,comephore
2004-11-24,0.00,comephore
2004-11-25,0.00,comephore
2004-11-26,0.00,comephore
2004-11-27,0.00,comephore
2004-11-28,90.00,comephore
2004-11-29,167.00,comephore
2004-11-30,4.00,comephore
2004-12-01,0.00,comephore
2004-12-02,112.00,comephore
2004-12-03,33.00,comephore
2004-12-04,0.00,comephore
2004-12-05,0.00,comephore
2004-12-06,0.00,comephore
2004-12-07,0.00,comephore
2004-12-08,0.00,comephore
2004-12-09,0.00,comephore
2004-12-10,0.00,comephore
2004-12-11,0.00,comephore
2004-12-12,0.00,comephore
2004-12-13,0.00,comephore
2004-12-14,0.00,comephore
2004-12-15,0.00,comephore
2004-12-16,74.00,comephore
2004-12-17,91.00,comephore
2004-12-18,0.00,comephore
2004-12-19,172.00,comephore
2004-12-20,0.00,comephore
2004-12-21,0.00,comephore
2004-12-22,17.00,comephore
2004-12-23,33.00,comephore
2004-12-24,19.00,comephore
2004-12-25,106.00,comephore
2004-12-26,9.00,comephore
2004-12-27,5.00,comephore
2004-12-28,62.00,comephore
2004-12-29,14.00,comephore
2004-12-30,0.00,comephore
2004-12-31,17.00,comephore
2005-01-01,2.00,comephore
2005-01-02,33.00,comephore
2005-01-03,0.00,comephore
2005-01-04,0.00,comephore
2005-01-05,2.00,comephore
2005-01-06,22.00,comephore
2005-01-07,0.00,comephore
2005-01-08,0.00,comephore
2005-01-09,2.00,comephore
2005-01-10,0.00,comephore
2005-01-11,0.00,comephore
2005-01-12,39.00,comephore
2005-01-13,10.00,comephore
2005-01-14,0.00,comephore
2005-01-15,0.00,comephore
2005-01-16,0.00,comephore
2005-01-17,0.00,comephore
2005-01-18,110.00,comephore
2005-01-19,4.00,comephore
2005-01-20,38.00,comephore
2005-01-21,116.00,comephore
2005-01-22,79.00,comephore
2005-01-23,116.00,comephore
2005-01-24,20.00,comephore
2005-01-25,1.00,comephore
2005-01-26,0.00,comephore
2005-01-27,0.00,comephore
2005-01-28,17.00,comephore
2005-01-29,0.00,comephore
2005-01-30,0.00,comephore
2005-01-31,1.00,comephore
2005-02-01,0.00,comephore
2005-02-02,8.00,comephore
2005-02-03,0.00,comephore
2005-02-04,0.00,comephore
2005-02-05,0.00,comephore
2005-02-06,0.00,comephore
2005-02-07,0.00,comephore
2005-02-08,0.00,comephore
2005-02-09,0.00,comephore
2005-02-10,0.00,comephore
2005-02-11,208.00,comephore
2005-02-12,266.00,comephore
2005-02-13,40.00,comephore
2005-02-14,69.00,comephore
2005-02-15,13.00,comephore
2005-02-16,0.00,comephore
2005-02-17,0.00,comephore
2005-02-18,0.00,comephore
2005-02-19,72.00,comephore
2005-02-20,26.00,comephore
2005-02-21,13.00,comephore
2005-02-22,0.00,comephore
2005-02-23,0.00,comephore
2005-02-24,8.00,comephore
2005-02-25,0.00,comephore
2005-02-26,0.00,comephore
2005-02-27,4.00,comephore
2005-02-28,0.00,comephore
2005-03-01,0.00,comephore
2005-03-02,0.00,comephore
2005-03-03,26.00,comephore
2005-03-04,17.00,comephore
2005-03-05,78.00,comephore
2005-03-06,14.00,comephore
2005-03-07,20.00,comephore
2005-03-08,40.00,comephore
2005-03-09,5.00,comephore
2005-03-10,0.00,comephore
2005-03-11,0.00,comephore
2005-03-12,31.00,comephore
2005-03-13,0.00,comephore
2005-03-14,1.00,comephore
2005-03-15,0.00,comephore
2005-03-16,0.00,comephore
2005-03-17,0.00,comephore
2005-03-18,0.00,comephore
2005-03-19,0.00,comephore
2005-03-20,0.00,comephore
2005-03-21,0.00,comephore
2005-03-22,79.00,comephore
2005-03-23,0.00,comephore
2005-03-24,48.00,comephore
2005-03-25,1.00,comephore
2005-03-26,0.00,comephore
2005-03-27,31.00,comephore
2005-03-28,28.00,comephore
2005-03-29,40.00,comephore
2005-03-30,22.00,comephore
2005-03-31,0.00,comephore
2005-04-01,0.00,comephore
2005-04-02,0.00,comephore
2005-04-03,0.00,comephore
2005-04-04,0.00,comephore
2005-04-05,0.00,comephore
2005-04-06,4.00,comephore
2005-04-07,255.00,comephore
2005-04-08,169.00,comephore
2005-04-09,29.00,comephore
2005-04-10,0.00,comephore
2005-04-11,0.00,comephore
2005-04-12,0.00,comephore
2005-04-13,0.00,comephore
2005-04-14,0.00,comephore
2005-04-15,142.00,comephore
2005-04-16,408.00,comephore
2005-04-17,324.00,comephore
2005-04-18,79.00,comephore
2005-04-19,19.00,comephore
2005-04-20,16.00,comephore
2005-04-21,0.00,comephore
2005-04-22,0.00,comephore
2005-04-23,12.00,comephore
2005-04-24,240.00,comephore
2005-04-25,188.00,comephore
2005-04-26,0.00,comephore
2005-04-27,43.00,comephore
2005-04-28,0.00,comephore
2005-04-29,0.00,comephore
2005-04-30,0.00,comephore
2005-05-01,0.00,comephore
2005-05-02,0.00,comephore
2005-05-03,200.00,comephore
2005-05-04,34.00,comephore
2005-05-05,26.00,comephore
2005-05-06,33.00,comephore
2005-05-07,17.00,comephore
2005-05-08,0.00,comephore
2005-05-09,0.00,comephore
2005-05-10,0.00,comephore
2005-05-11,0.00,comephore
2005-05-12,17.00,comephore
2005-05-13,33.00,comephore
2005-05-14,55.00,comephore
2005-05-15,0.00,comephore
2005-05-16,101.00,comephore
2005-05-17,0.00,comephore
2005-05-18,0.00,comephore
2005-05-19,0.00,comephore
2005-05-20,7.00,comephore
2005-05-21,215.00,comephore
2005-05-22,117.00,comephore
2005-05-23,63.00,comephore
2005-05-24,0.00,comephore
2005-05-25,0.00,comephore
2005-05-26,0.00,comephore
2005-05-27,0.00,comephore
2005-05-28,0.00,comephore
2005-05-29,0.00,comephore
2005-05-30,108.00,comephore
2005-05-31,0.00,comephore
2005-06-01,0.00,comephore
2005-06-02,0.00,comephore
2005-06-03,198.00,comephore
2005-06-04,5.00,comephore
2005-06-05,0.00,comephore
2005-06-06,36.00,comephore
2005-06-07,3.00,comephore
2005-06-08,0.00,comephore
2005-06-09,0.00,comephore
2005-06-10,0.00,comephore
2005-06-11,0.00,comephore
2005-06-12,3.00,comephore
2005-06-13,171.00,comephore
2005-06-14,226.00,comephore
2005-06-15,0.00,comephore
2005-06-16,0.00,comephore
2005-06-17,0.00,comephore
2005-06-18,0.00,comephore
2005-06-19,0.00,comephore
2005-06-20,0.00,comephore
2005-06-21,0.00,comephore
2005-06-22,0.00,comephore
2005-06-23,2.00,comephore
2005-06-24,27.00,comephore
2005-06-25,0.00,comephore
2005-06-26,0.00,comephore
2005-06-27,0.00,comephore
2005-06-28,0.00,comephore
2005-06-29,7.00,comephore
2005-06-30,15.00,comephore
2005-07-01,23.00,comephore
2005-07-02,0.00,comephore
2005-07-03,0.00,comephore
2005-07-04,98.00,comephore
2005-07-05,0.00,comephore
2005-07-06,73.00,comephore
2005-07-07,106.00,comephore
2005-07-08,7.00,comephore
2005-07-09,26.00,comephore
2005-07-10,26.00,comephore
2005-07-11,0.00,comephore
2005-07-12,0.00,comephore
2005-07-13,0.00,comephore
2005-07-14,0.00,comephore
2005-07-15,0.00,comephore
2005-07-16,0.00,comephore
2005-07-17,1.00,comephore
2005-07-18,15.00,comephore
2005-07-19,23.00,comephore
2005-07-20,0.00,comephore
2005-07-21,0.00,comephore
2005-07-22,0.00,comephore
2005-07-23,0.00,comephore
2005-07-24,8.00,comephore
2005-07-25,0.00,comephore
2005-07-26,0.00,comephore
2005-07-27,0.00,comephore
2005-07-28,0.00,comephore
2005-07-29,48.00,comephore
2005-07-30,1.00,comephore
2005-07-31,0.00,comephore
2005-08-01,0.00,comephore
2005-08-02,50.00,comephore
2005-08-03,0.00,comephore
2005-08-04,0.00,comephore
2005-08-05,0.00,comephore
2005-08-06,8.00,comephore
2005-08-07,0.00,comephore
2005-08-08,0.00,comephore
2005-08-09,0.00,comephore
2005-08-10,0.00,comephore
2005-08-11,0.00,comephore
2005-08-12,3.00,comephore
2005-08-13,0.00,comephore
2005-08-14,114.00,comephore
2005-08-15,7.00,comephore
2005-08-16,0.00,comephore
2005-08-17,0.00,comephore
2005-08-18,6.00,comephore
2005-08-19,2.00,comephore
2005-08-20,32.00,comephore
2005-08-21,66.00,comephore
2005-08-22,29.00,comephore
2005-08-23,0.00,comephore
2005-08-24,0.00,comephore
2005-08-25,130.00,comephore
2005-08-26,0.00,comephore
2005-08-27,11.00,comephore
2005-08-28,1.00,comephore
2005-08-29,0.00,comephore
2005-08-30,0.00,comephore
2005-08-31,0.00,comephore
2005-09-01,0.00,comephore
2005-09-02,0.00,comephore
2005-09-03,0.00,comephore
2005-09-04,0.00,comephore
2005-09-05,4.00,comephore
2005-09-06,74.00,comephore
2005-09-07,0.00,comephore
2005-09-08,26.00,comephore
2005-09-09,21.00,comephore
2005-09-10,43.00,comephore
2005-09-11,29.00,comephore
2005-09-12,32.00,comephore
2005-09-13,0.00,comephore
2005-09-14,0.00,comephore
2005-09-15,0.00,comephore
2005-09-16,159.00,comephore
2005-09-17,1.00,comephore
2005-09-18,0.00,comephore
2005-09-19,0.00,comephore
2005-09-20,0.00,comephore
2005-09-21,0.00,comephore
2005-09-22,0.00,comephore
2005-09-23,0.00,comephore
2005-09-24,0.00,comephore
2005-09-25,5.00,comephore
2005-09-26,26.00,comephore
2005-09-27,0.00,comephore
2005-09-28,0.00,comephore
2005-09-29,29.00,comephore
2005-09-30,0.00,comephore
2005-10-01,0.00,comephore
2005-10-02,64.00,comephore
2005-10-03,8.00,comephore
2005-10-04,28.00,comephore
2005-10-05,30.00,comephore
2005-10-06,0.00,comephore
2005-10-07,0.00,comephore
2005-10-08,0.00,comephore
2005-10-09,0.00,comephore
2005-10-10,0.00,comephore
2005-10-11,0.00,comephore
2005-10-12,0.00,comephore
2005-10-13,0.00,comephore
2005-10-14,0.00,comephore
2005-10-15,0.00,comephore
2005-10-16,0.00,comephore
2005-10-17,0.00,comephore
2005-10-18,12.00,comephore
2005-10-19,95.00,comephore
2005-10-20,0.00,comephore
2005-10-21,27.00,comephore
2005-10-22,121.00,comephore
2005-10-23,24.00,comephore
2005-10-24,0.00,comephore
2005-10-25,0.00,comephore
2005-10-26,0.00,comephore
2005-10-27,0.00,comephore
2005-10-28,0.00,comephore
2005-10-29,0.00,comephore
2005-10-30,0.00,comephore
2005-10-31,5.00,comephore
2005-11-01,17.00,comephore
2005-11-02,0.00,comephore
2005-11-03,0.00,comephore
2005-11-04,309.00,comephore
2005-11-05,3.00,comephore
2005-11-06,0.00,comephore
2005-11-07,0.00,comephore
2005-11-08,0.00,comephore
2005-11-09,20.00,comephore
2005-11-10,0.00,comephore
2005-11-11,0.00,comephore
2005-11-12,24.00,comephore
2005-11-13,0.00,comephore
2005-11-14,0.00,comephore
2005-11-15,0.00,comephore
2005-11-16,12.00,comephore
2005-11-17,0.00,comephore
2005-11-18,0.00,comephore
2005-11-19,0.00,comephore
2005-11-20,0.00,comephore
2005-11-21,0.00,comephore
2005-11-22,0.00,comephore
2005-11-23,0.00,comephore
2005-11-24,10.00,comephore
2005-11-25,80.00,comephore
2005-11-26,0.00,comephore
2005-11-27,84.00,comephore
2005-11-28,189.00,comephore
2005-11-29,58.00,comephore
2005-11-30,2.00,comephore
2005-12-01,0.00,comephore
2005-12-02,95.00,comephore
2005-12-03,25.00,comephore
2005-12-04,46.00,comephore
2005-12-05,33.00,comephore
2005-12-06,31.00,comephore
2005-12-07,25.00,comephore
2005-12-08,24.00,comephore
2005-12-09,10.00,comephore
2005-12-10,0.00,comephore
2005-12-11,0.00,comephore
2005-12-12,0.00,comephore
2005-12-13,0.00,comephore
2005-12-14,0.00,comephore
2005-12-15,0.00,comephore
2005-12-16,85.00,comephore
2005-12-17,9.00,comephore
2005-12-18,0.00,comephore
2005-12-19,11.00,comephore
2005-12-20,0.00,comephore
2005-12-21,0.00,comephore
2005-12-22,0.00,comephore
2005-12-23,0.00,comephore
2005-12-24,0.00,comephore
2005-12-25,0.00,comephore
2005-12-26,6.00,comephore
2005-12-27,16.00,comephore
2005-12-28,29.00,comephore
2005-12-29,11.00,comephore
2005-12-30,94.00,comephore
2005-12-31,202.00,comephore
2006-01-01,6.00,comephore
2006-01-02,38.00,comephore
2006-01-03,0.00,comephore
2006-01-04,0.00,comephore
2006-01-05,12.00,comephore
2006-01-06,28.00,comephore
2006-01-07,0.00,comephore
2006-01-08,0.00,comephore
2006-01-09,0.00,comephore
2006-01-10,0.00,comephore
2006-01-11,0.00,comephore
2006-01-12,7.00,comephore
2006-01-13,0.00,comephore
2006-01-14,0.00,comephore
2006-01-15,0.00,comephore
2006-01-16,7.00,comephore
2006-01-17,159.00,comephore
2006-01-18,58.00,comephore
2006-01-19,0.00,comephore
2006-01-20,8.00,comephore
2006-01-21,21.00,comephore
2006-01-22,0.00,comephore
2006-01-23,0.00,comephore
2006-01-24,0.00,comephore
2006-01-25,0.00,comephore
2006-01-26,30.00,comephore
2006-01-27,12.00,comephore
2006-01-28,3.00,comephore
2006-01-29,0.00,comephore
2006-01-30,0.00,comephore
2006-01-31,0.00,comephore
2006-02-01,0.00,comephore
2006-02-02,0.00,comephore
2006-02-03,0.00,comephore
2006-02-04,0.00,comephore
2006-02-05,0.00,comephore
2006-02-06,0.00,comephore
2006-02-07,0.00,comephore
2006-02-08,32.00,comephore
2006-02-09,20.00,comephore
2006-02-10,3.00,comephore
2006-02-11,0.00,comephore
2006-02-12,0.00,comephore
2006-02-13,28.00,comephore
2006-02-14,0.00,comephore
2006-02-15,165.00,comephore
2006-02-16,118.00,comephore
2006-02-17,72.00,comephore
2006-02-18,42.00,comephore
2006-02-19,150.00,comephore
2006-02-20,19.00,comephore
2006-02-21,19.00,comephore
2006-02-22,0.00,comephore
2006-02-23,0.00,comephore
2006-02-24,0.00,comephore
2006-02-25,0.00,comephore
2006-02-26,0.00,comephore
2006-02-27,0.00,comephore
2006-02-28,30.00,comephore
2006-03-01,0.00,comephore
2006-03-02,30.00,comephore
2006-03-03,114.00,comephore
2006-03-04,420.00,comephore
2006-03-05,41.00,comephore
2006-03-06,11.00,comephore
2006-03-07,5.00,comephore
2006-03-08,94.00,comephore
2006-03-09,44.00,comephore
2006-03-10,48.00,comephore
2006-03-11,81.00,comephore
2006-03-12,0.00,comephore
2006-03-13,0.00,comephore
2006-03-14,0.00,comephore
2006-03-15,0.00,comephore
2006-03-16,0.00,comephore
2006-03-17,0.00,comephore
2006-03-18,0.00,comephore
2006-03-19,0.00,comephore
2006-03-20,0.00,comephore
2006-03-21,146.00,comephore
2006-03-22,17.00,comephore
2006-03-23,11.00,comephore
2006-03-24,78.00,comephore
2006-03-25,55.00,comephore
2006-03-26,0.00,comephore
2006-03-27,74.00,comephore
2006-03-28,130.00,comephore
2006-03-29,24.00,comephore
2006-03-30,212.00,comephore
2006-03-31,0.00,comephore
2006-04-01,0.00,comephore
2006-04-02,44.00,comephore
2006-04-03,7.00,comephore
2006-04-04,25.00,comephore
2006-04-05,207.00,comephore
2006-04-06,0.00,comephore
2006-04-07,0.00,comephore
2006-04-08,0.00,comephore
2006-04-09,303.00,comephore
2006-04-10,271.00,comephore
2006-04-11,1.00,comephore
2006-04-12,47.00,comephore
2006-04-13,0.00,comephore
2006-04-14,0.00,comephore
2006-04-15,43.00,comephore
2006-04-16,21.00,comephore
2006-04-17,0.00,comephore
2006-04-18,0.00,comephore
2006-04-19,0.00,comephore
2006-04-20,0.00,comephore
2006-04-21,0.00,comephore
2006-04-22,0.00,comephore
2006-04-23,0.00,comephore
2006-04-24,29.00,comephore
2006-04-25,1.00,comephore
2006-04-26,74.00,comephore
2006-04-27,34.00,comephore
2006-04-28,0.00,comephore
2006-04-29,0.00,comephore
2006-04-30,0.00,comephore
2006-05-01,0.00,comephore
2006-05-02,0.00,comephore
2006-05-03,0.00,comephore
2006-05-04,0.00,comephore
2006-05-05,8.00,comephore
2006-05-06,123.00,comephore
2006-05-07,18.00,comephore
2006-05-08,299.00,comephore
2006-05-09,68.00,comephore
2006-05-10,13.00,comephore
2006-05-11,0.00,comephore
2006-05-12,22.00,comephore
2006-05-13,39.00,comephore
2006-05-14,10.00,comephore
2006-05-15,21.00,comephore
2006-05-16,139.00,comephore
2006-05-17,0.00,comephore
2006-05-18,255.00,comephore
2006-05-19,6.00,comephore
2006-05-20,25.00,comephore
2006-05-21,10.00,comephore
2006-05-22,147.00,comephore
2006-05-23,0.00,comephore
2006-05-24,0.00,comephore
2006-05-25,0.00,comephore
2006-05-26,0.00,comephore
2006-05-27,0.00,comephore
2006-05-28,26.00,comephore
2006-05-29,96.00,comephore
2006-05-30,32.00,comephore
2006-05-31,26.00,comephore
2006-06-01,0.00,comephore
2006-06-02,5.00,comephore
2006-06-03,0.00,comephore
2006-06-04,0.00,comephore
2006-06-05,0.00,comephore
2006-06-06,0.00,comephore
2006-06-07,0.00,comephore
2006-06-08,0.00,comephore
2006-06-09,0.00,comephore
2006-06-10,0.00,comephore
2006-06-11,0.00,comephore
2006-06-12,0.00,comephore
2006-06-13,0.00,comephore
2006-06-14,0.00,comephore
2006-06-15,0.00,comephore
2006-06-16,33.00,comephore
2006-06-17,25.00,comephore
2006-06-18,0.00,comephore
2006-06-19,24.00,comephore
2006-06-20,0.00,comephore
2006-06-21,2.00,comephore
2006-06-22,0.00,comephore
2006-06-23,0.00,comephore
2006-06-24,0.00,comephore
2006-06-25,333.00,comephore
2006-06-26,0.00,comephore
2006-06-27,96.00,comephore
2006-06-28,0.00,comephore
2006-06-29,0.00,comephore
2006-06-30,0.00,comephore
2006-07-01,0.00,comephore
2006-07-02,0.00,comephore
2006-07-03,0.00,comephore
2006-07-04,0.00,comephore
2006-07-05,17.00,comephore
2006-07-06,180.00,comephore
2006-07-07,175.00,comephore
2006-07-08,0.00,comephore
2006-07-09,0.00,comephore
2006-07-10,0.00,comephore
2006-07-11,0.00,comephore
2006-07-12,0.00,comephore
2006-07-13,1.00,comephore
2006-07-14,0.00,comephore
2006-07-15,0.00,comephore
2006-07-16,0.00,comephore
2006-07-17,0.00,comephore
2006-07-18,0.00,comephore
2006-07-19,0.00,comephore
2006-07-20,0.00,comephore
2006-07-21,0.00,comephore
2006-07-22,4.00,comephore
2006-07-23,0.00,comephore
2006-07-24,0.00,comephore
2006-07-25,0.00,comephore
2006-07-26,0.00,comephore
2006-07-27,0.00,comephore
2006-07-28,14.00,comephore
2006-07-29,7.00,comephore
2006-07-30,0.00,comephore
2006-07-31,13.00,comephore
2006-08-01,0.00,comephore
2006-08-02,116.00,comephore
2006-08-03,297.00,comephore
2006-08-04,281.00,comephore
2006-08-05,41.00,comephore
2006-08-06,10.00,comephore
2006-08-07,0.00,comephore
2006-08-08,1.00,comephore
2006-08-09,1.00,comephore
2006-08-10,0.00,comephore
2006-08-11,64.00,comephore
2006-08-12,46.00,comephore
2006-08-13,179.00,comephore
2006-08-14,5.00,comephore
2006-08-15,3.00,comephore
2006-08-16,75.00,comephore
2006-08-17,166.00,comephore
2006-08-18,128.00,comephore
2006-08-19,197.00,comephore
2006-08-20,4.00,comephore
2006-08-21,0.00,comephore
2006-08-22,5.00,comephore
2006-08-23,1.00,comephore
2006-08-24,36.00,comephore
2006-08-25,0.00,comephore
2006-08-26,43.00,comephore
2006-08-27,0.00,comephore
2006-08-28,104.00,comephore
2006-08-29,87.00,comephore
2006-08-30,0.00,comephore
2006-08-31,0.00,comephore
2006-09-01,0.00,comephore
2006-09-02,0.00,comephore
2006-09-03,0.00,comephore
2006-09-04,0.00,comephore
2006-09-05,0.00,comephore
2006-09-06,21.00,comephore
2006-09-07,35.00,comephore
2006-09-08,0.00,comephore
2006-09-09,0.00,comephore
2006-09-10,7.00,comephore
2006-09-11,0.00,comephore
2006-09-12,0.00,comephore
2006-09-13,9.00,comephore
2006-09-14,1.00,comephore
2006-09-15,140.00,comephore
2006-09-16,0.00,comephore
2006-09-17,28.00,comephore
2006-09-18,20.00,comephore
2006-09-19,2.00,comephore
2006-09-20,0.00,comephore
2006-09-21,0.00,comephore
2006-09-22,0.00,comephore
2006-09-23,2.00,comephore
2006-09-24,32.00,comephore
2006-09-25,22.00,comephore
2006-09-26,8.00,comephore
2006-09-27,2.00,comephore
2006-09-28,0.00,comephore
2006-09-29,0.00,comephore
2006-09-30,793.00,comephore
2006-10-01,19.00,comephore
2006-10-02,0.00,comephore
2006-10-03,381.00,comephore
2006-10-04,18.00,comephore
2006-10-05,0.00,comephore
2006-10-06,15.00,comephore
2006-10-07,71.00,comephore
2006-10-08,0.00,comephore
2006-10-09,0.00,comephore
2006-10-10,0.00,comephore
2006-10-11,0.00,comephore
2006-10-12,0.00,comephore
2006-10-13,0.00,comephore
2006-10-14,0.00,comephore
2006-10-15,0.00,comephore
2006-10-16,0.00,comephore
2006-10-17,0.00,comephore
2006-10-18,0.00,comephore
2006-10-19,191.00,comephore
2006-10-20,106.00,comephore
2006-10-21,51.00,comephore
2006-10-22,18.00,comephore
2006-10-23,88.00,comephore
2006-10-24,1.00,comephore
2006-10-25,0.00,comephore
2006-10-26,0.00,comephore
2006-10-27,0.00,comephore
2006-10-28,0.00,comephore
2006-10-29,8.00,comephore
2006-10-30,0.00,comephore
2006-10-31,0.00,comephore
2006-11-01,0.00,comephore
2006-11-02,0.00,comephore
2006-11-03,0.00,comephore
2006-11-04,0.00,comephore
2006-11-05,0.00,comephore
2006-11-06,0.00,comephore
2006-11-07,0.00,comephore
2006-11-08,0.00,comephore
2006-11-09,38.00,comephore
2006-11-10,0.00,comephore
2006-11-11,69.00,comephore
2006-11-12,34.00,comephore
2006-11-13,16.00,comephore
2006-11-14,9.00,comephore
2006-11-15,0.00,comephore
2006-11-16,24.00,comephore
2006-11-17,152.00,comephore
2006-11-18,0.00,comephore
2006-11-19,94.00,comephore
2006-11-20,0.00,comephore
2006-11-21,139.00,comephore
2006-11-22,2.00,comephore
2006-11-23,50.00,comephore
2006-11-24,20.00,comephore
2006-11-25,0.00,comephore
2006-11-26,0.00,comephore
2006-11-27,0.00,comephore
2006-11-28,12.00,comephore
2006-11-29,40.00,comephore
2006-11-30,0.00,comephore
2006-12-01,0.00,comephore
2006-12-02,22.00,comephore
2006-12-03,52.00,comephore
2006-12-04,93.00,comephore
2006-12-05,37.00,comephore
2006-12-06,293.00,comephore
2006-12-07,80.00,comephore
2006-12-08,169.00,comephore
2006-12-09,50.00,comephore
2006-12-10,1.00,comephore
2006-12-11,0.00,comephore
2006-12-12,0.00,comephore
2006-12-13,0.00,comephore
2006-12-14,0.00,comephore
2006-12-15,0.00,comephore
2006-12-16,4.00,comephore
2006-12-17,13.00,comephore
2006-12-18,0.00,comephore
2006-12-19,0.00,comephore
2006-12-20,0.00,comephore
2006-12-21,0.00,comephore
2006-12-22,0.00,comephore
2006-12-23,0.00,comephore
2006-12-24,0.00,comephore
2006-12-25,0.00,comephore
2006-12-26,0.00,comephore
2006-12-27,0.00,comephore
2006-12-28,0.00,comephore
2006-12-29,0.00,comephore
2006-12-30,6.00,comephore
2006-12-31,12.00,comephore
2007-01-01,3.00,comephore
2007-01-02,20.00,comephore
2007-01-03,2.00,comephore
2007-01-04,61.00,comephore
2007-01-05,0.00,comephore
2007-01-06,2.00,comephore
2007-01-07,14.00,comephore
2007-01-08,69.00,comephore
2007-01-09,33.00,comephore
2007-01-10,6.00,comephore
2007-01-11,4.00,comephore
2007-01-12,34.00,comephore
2007-01-13,0.00,comephore
2007-01-14,17.00,comephore
2007-01-15,0.00,comephore
2007-01-16,0.00,comephore
2007-01-17,12.00,comephore
2007-01-18,17.00,comephore
2007-01-19,14.00,comephore
2007-01-20,0.00,comephore
2007-01-21,42.00,comephore
2007-01-22,50.00,comephore
2007-01-23,162.00,comephore
2007-01-24,26.00,comephore
2007-01-25,0.00,comephore
2007-01-26,0.00,comephore
2007-01-27,0.00,comephore
2007-01-28,0.00,comephore
2007-01-29,0.00,comephore
2007-01-30,0.00,comephore
2007-01-31,0.00,comephore
2007-02-01,0.00,comephore
2007-02-02,0.00,comephore
2007-02-03,0.00,comephore
2007-02-04,0.00,comephore
2007-02-05,3.00,comephore
2007-02-06,122.00,comephore
2007-02-07,32.00,comephore
2007-02-08,113.00,comephore
2007-02-09,0.00,comephore
2007-02-10,78.00,comephore
2007-02-11,68.00,comephore
2007-02-12,59.00,comephore
2007-02-13,5.00,comephore
2007-02-14,109.00,comephore
2007-02-15,47.00,comephore
2007-02-16,0.00,comephore
2007-02-17,0.00,comephore
2007-02-18,0.00,comephore
2007-02-19,0.00,comephore
2007-02-20,0.00,comephore
2007-02-21,0.00,comephore
2007-02-22,0.00,comephore
2007-02-23,0.00,comephore
2007-02-24,131.00,comephore
2007-02-25,97.00,comephore
2007-02-26,21.00,comephore
2007-02-27,2.00,comephore
2007-02-28,38.00,comephore
2007-03-01,2.00,comephore
2007-03-02,145.00,comephore
2007-03-03,40.00,comephore
2007-03-04,0.00,comephore
2007-03-05,32.00,comephore
2007-03-06,19.00,comephore
2007-03-07,57.00,comephore
2007-03-08,4.00,comephore
2007-03-09,66.00,comephore
2007-03-10,0.00,comephore
2007-03-11,0.00,comephore
2007-03-12,0.00,comephore
2007-03-13,0.00,comephore
2007-03-14,0.00,comephore
2007-03-15,0.00,comephore
2007-03-16,0.00,comephore
2007-03-17,0.00,comephore
2007-03-18,75.00,comephore
2007-03-19,64.00,comephore
2007-03-20,23.00,comephore
2007-03-21,68.00,comephore
2007-03-22,84.00,comephore
2007-03-23,28.00,comephore
2007-03-24,10.00,comephore
2007-03-25,0.00,comephore
2007-03-26,0.00,comephore
2007-03-27,0.00,comephore
2007-03-28,33.00,comephore
2007-03-29,34.00,comephore
2007-03-30,76.00,comephore
2007-03-31,0.00,comephore
2007-04-01,0.00,comephore
2007-04-02,0.00,comephore
2007-04-03,0.00,comephore
2007-04-04,0.00,comephore
2007-04-05,0.00,comephore
2007-04-06,0.00,comephore
2007-04-07,0.00,comephore
2007-04-08,0.00,comephore
2007-04-09,0.00,comephore
2007-04-10,0.00,comephore
2007-04-11,0.00,comephore
2007-04-12,0.00,comephore
2007-04-13,0.00,comephore
2007-04-14,0.00,comephore
2007-04-15,0.00,comephore
2007-04-16,0.00,comephore
2007-04-17,0.00,comephore
2007-04-18,0.00,comephore
2007-04-19,0.00,comephore
2007-04-20,0.00,comephore
2007-04-21,0.00,comephore
2007-04-22,0.00,comephore
2007-04-23,0.00,comephore
2007-04-24,0.00,comephore
2007-04-25,0.00,comephore
2007-04-26,10.00,comephore
2007-04-27,22.00,comephore
2007-04-28,8.00,comephore
2007-04-29,124.00,comephore
2007-04-30,12.00,comephore
2007-05-01,0.00,comephore
2007-05-02,17.00,comephore
2007-05-03,4.00,comephore
2007-05-04,10.00,comephore
2007-05-05,161.00,comephore
2007-05-06,0.00,comephore
2007-05-07,0.00,comephore
2007-05-08,40.00,comephore
2007-05-09,0.00,comephore
2007-05-10,0.00,comephore
2007-05-11,1.00,comephore
2007-05-12,23.00,comephore
2007-05-13,1.00,comephore
2007-05-14,322.00,comephore
2007-05-15,28.00,comephore
2007-05-16,87.00,comephore
2007-05-17,369.00,comephore
2007-05-18,0.00,comephore
2007-05-19,1.00,comephore
2007-05-20,0.00,comephore
2007-05-21,0.00,comephore
2007-05-22,0.00,comephore
2007-05-23,16.00,comephore
2007-05-24,0.00,comephore
2007-05-25,0.00,comephore
2007-05-26,35.00,comephore
2007-05-27,164.00,comephore
2007-05-28,46.00,comephore
2007-05-29,6.00,comephore
2007-05-30,0.00,comephore
2007-05-31,97.00,comephore
2007-06-01,17.00,comephore
2007-06-02,21.00,comephore
2007-06-03,0.00,comephore
2007-06-04,0.00,comephore
2007-06-05,1.00,comephore
2007-06-06,2.00,comephore
2007-06-07,0.00,comephore
2007-06-08,0.00,comephore
2007-06-09,0.00,comephore
2007-06-10,37.00,comephore
2007-06-11,13.00,comephore
2007-06-12,0.00,comephore
2007-06-13,1.00,comephore
2007-06-14,30.00,comephore
2007-06-15,80.00,comephore
2007-06-16,22.00,comephore
2007-06-17,166.00,comephore
2007-06-18,5.00,comephore
2007-06-19,0.00,comephore
2007-06-20,64.00,comephore
2007-06-21,129.00,comephore
2007-06-22,71.00,comephore
2007-06-23,0.00,comephore
2007-06-24,3.00,comephore
2007-06-25,34.00,comephore
2007-06-26,21.00,comephore
2007-06-27,68.00,comephore
2007-06-28,0.00,comephore
2007-06-29,0.00,comephore
2007-06-30,0.00,comephore
2007-07-01,0.00,comephore
2007-07-02,99.00,comephore
2007-07-03,81.00,comephore
2007-07-04,48.00,comephore
2007-07-05,1.00,comephore
2007-07-06,28.00,comephore
2007-07-07,0.00,comephore
2007-07-08,113.00,comephore
2007-07-09,86.00,comephore
2007-07-10,23.00,comephore
2007-07-11,28.00,comephore
2007-07-12,0.00,comephore
2007-07-13,0.00,comephore
2007-07-14,0.00,comephore
2007-07-15,0.00,comephore
2007-07-16,0.00,comephore
2007-07-17,10.00,comephore
2007-07-18,40.00,comephore
2007-07-19,6.00,comephore
2007-07-20,86.00,comephore
2007-07-21,48.00,comephore
2007-07-22,0.00,comephore
2007-07-23,149.00,comephore
2007-07-24,38.00,comephore
2007-07-25,0.00,comephore
2007-07-26,0.00,comephore
2007-07-27,0.00,comephore
2007-07-28,0.00,comephore
2007-07-29,117.00,comephore
2007-07-30,26.00,comephore
2007-07-31,0.00,comephore
2007-08-01,0.00,comephore
2007-08-02,52.00,comephore
2007-08-03,0.00,comephore
2007-08-04,0.00,comephore
2007-08-05,0.00,comephore
2007-08-06,2.00,comephore
2007-08-07,292.00,comephore
2007-08-08,31.00,comephore
2007-08-09,213.00,comephore
2007-08-10,50.00,comephore
2007-08-11,0.00,comephore
2007-08-12,0.00,comephore
2007-08-13,0.00,comephore
2007-08-14,0.00,comephore
2007-08-15,0.00,comephore
2007-08-16,260.00,comephore
2007-08-17,0.00,comephore
2007-08-18,0.00,comephore
2007-08-19,20.00,comephore
2007-08-20,13.00,comephore
2007-08-21,86.00,comephore
2007-08-22,3.00,comephore
2007-08-23,0.00,comephore
2007-08-24,0.00,comephore
2007-08-25,0.00,comephore
2007-08-26,0.00,comephore
2007-08-27,0.00,comephore
2007-08-28,4.00,comephore
2007-08-29,133.00,comephore
2007-08-30,23.00,comephore
2007-08-31,0.00,comephore
2007-09-01,0.00,comephore
2007-09-02,0.00,comephore
2007-09-03,0.00,comephore
2007-09-04,0.00,comephore
2007-09-05,0.00,comephore
2007-09-06,0.00,comephore
2007-09-07,0.00,comephore
2007-09-08,0.00,comephore
2007-09-09,0.00,comephore
2007-09-10,0.00,comephore
2007-09-11,0.00,comephore
2007-09-12,0.00,comephore
2007-09-13,0.00,comephore
2007-09-14,0.00,comephore
2007-09-15,0.00,comephore
2007-09-16,0.00,comephore
2007-09-17,167.00,comephore
2007-09-18,186.00,comephore
2007-09-19,0.00,comephore
2007-09-20,0.00,comephore
2007-09-21,0.00,comephore
2007-09-22,0.00,comephore
2007-09-23,16.00,comephore
2007-09-24,63.00,comephore
2007-09-25,7.00,comephore
2007-09-26,23.00,comephore
2007-09-27,195.00,comephore
2007-09-28,154.00,comephore
2007-09-29,3.00,comephore
2007-09-30,13.00,comephore
2007-10-01,0.00,comephore
2007-10-02,0.00,comephore
2007-10-03,0.00,comephore
2007-10-04,60.00,comephore
2007-10-05,0.00,comephore
2007-10-06,0.00,comephore
2007-10-07,0.00,comephore
2007-10-08,0.00,comephore
2007-10-09,0.00,comephore
2007-10-10,79.00,comephore
2007-10-11,0.00,comephore
2007-10-12,0.00,comephore
2007-10-13,0.00,comephore
2007-10-14,0.00,comephore
2007-10-15,0.00,comephore
2007-10-16,0.00,comephore
2007-10-17,25.00,comephore
2007-10-18,0.00,comephore
2007-10-19,0.00,comephore
2007-10-20,0.00,comephore
2007-10-21,0.00,comephore
2007-10-22,0.00,comephore
2007-10-23,0.00,comephore
2007-10-24,0.00,comephore
2007-10-25,0.00,comephore
2007-10-26,0.00,comephore
2007-10-27,0.00,comephore
2007-10-28,0.00,comephore
2007-10-29,21.00,comephore
2007-10-30,25.00,comephore
2007-10-31,0.00,comephore
2007-11-01,0.00,comephore
2007-11-02,0.00,comephore
2007-11-03,0.00,comephore
2007-11-04,0.00,comephore
2007-11-05,0.00,comephore
2007-11-06,3.00,comephore
2007-11-07,0.00,comephore
2007-11-08,10.00,comephore
2007-11-09,28.00,comephore
2007-11-10,15.00,comephore
2007-11-11,21.00,comephore
2007-11-12,4.00,comephore
2007-11-13,22.00,comephore
2007-11-14,41.00,comephore
2007-11-15,0.00,comephore
2007-11-16,0.00,comephore
2007-11-17,0.00,comephore
2007-11-18,0.00,comephore
2007-11-19,30.00,comephore
2007-11-20,0.00,comephore
2007-11-21,249.00,comephore
2007-11-22,518.00,comephore
2007-11-23,153.00,comephore
2007-11-24,0.00,comephore
2007-11-25,0.00,comephore
2007-11-26,0.00,comephore
2007-11-27,0.00,comephore
2007-11-28,0.00,comephore
2007-11-29,0.00,comephore
2007-11-30,12.00,comephore
2007-12-01,0.00,comephore
2007-12-02,49.00,comephore
2007-12-03,89.00,comephore
2007-12-04,16.00,comephore
2007-12-05,15.00,comephore
2007-12-06,12.00,comephore
2007-12-07,98.00,comephore
2007-12-08,10.00,comephore
2007-12-09,92.00,comephore
2007-12-10,87.00,comephore
2007-12-11,74.00,comephore
2007-12-12,0.00,comephore
2007-12-13,0.00,comephore
2007-12-14,0.00,comephore
2007-12-15,0.00,comephore
2007-12-16,0.00,comephore
2007-12-17,0.00,comephore
2007-12-18,0.00,comephore
2007-12-19,0.00,comephore
2007-12-20,0.00,comephore
2007-12-21,0.00,comephore
2007-12-22,0.00,comephore
2007-12-23,0.00,comephore
2007-12-24,0.00,comephore
2007-12-25,0.00,comephore
2007-12-26,41.00,comephore
2007-12-27,0.00,comephore
2007-12-28,0.00,comephore
2007-12-29,32.00,comephore
2007-12-30,25.00,comephore
2007-12-31,0.00,comephore
2008-01-01,0.00,comephore
2008-01-02,0.00,comephore
2008-01-03,23.00,comephore
2008-01-04,13.00,comephore
2008-01-05,167.00,comephore
2008-01-06,82.00,comephore
2008-01-07,65.00,comephore
2008-01-08,0.00,comephore
2008-01-09,38.00,comephore
2008-01-10,0.00,comephore
2008-01-11,165.00,comephore
2008-01-12,35.00,comephore
2008-01-13,0.00,comephore
2008-01-14,40.00,comephore
2008-01-15,15.00,comephore
2008-01-16,51.00,comephore
2008-01-17,36.00,comephore
2008-01-18,48.00,comephore
2008-01-19,0.00,comephore
2008-01-20,0.00,comephore
2008-01-21,0.00,comephore
2008-01-22,50.00,comephore
2008-01-23,0.00,comephore
2008-01-24,5.00,comephore
2008-01-25,0.00,comephore
2008-01-26,0.00,comephore
2008-01-27,0.00,comephore
2008-01-28,0.00,comephore
2008-01-29,0.00,comephore
2008-01-30,10.00,comephore
2008-01-31,2.00,comephore
2008-02-01,2.00,comephore
2008-02-02,67.00,comephore
2008-02-03,0.00,comephore
2008-02-04,59.00,comephore
2008-02-05,0.00,comephore
2008-02-06,8.00,comephore
2008-02-07,0.00,comephore
2008-02-08,0.00,comephore
2008-02-09,0.00,comephore
2008-02-10,0.00,comephore
2008-02-11,0.00,comephore
2008-02-12,0.00,comephore
2008-02-13,0.00,comephore
2008-02-14,0.00,comephore
2008-02-15,0.00,comephore
2008-02-16,0.00,comephore
2008-02-17,0.00,comephore
2008-02-18,0.00,comephore
2008-02-19,0.00,comephore
2008-02-20,21.00,comephore
2008-02-21,17.00,comephore
2008-02-22,0.00,comephore
2008-02-23,0.00,comephore
2008-02-24,0.00,comephore
2008-02-25,0.00,comephore
2008-02-26,39.00,comephore
2008-02-27,33.00,comephore
2008-02-28,6.00,comephore
2008-02-29,34.00,comephore
2008-03-01,0.00,comephore
2008-03-02,0.00,comephore
2008-03-03,46.00,comephore
2008-03-04,40.00,comephore
2008-03-05,0.00,comephore
2008-03-06,0.00,comephore
2008-03-07,6.00,comephore
2008-03-08,0.00,comephore
2008-03-09,17.00,comephore
2008-03-10,25.00,comephore
2008-03-11,41.00,comephore
2008-03-12,26.00,comephore
2008-03-13,0.00,comephore
2008-03-14,0.00,comephore
2008-03-15,49.00,comephore
2008-03-16,99.00,comephore
2008-03-17,75.00,comephore
2008-03-18,0.00,comephore
2008-03-19,1.00,comephore
2008-03-20,2.00,comephore
2008-03-21,294.00,comephore
2008-03-22,53.00,comephore
2008-03-23,11.00,comephore
2008-03-24,48.00,comephore
2008-03-25,22.00,comephore
2008-03-26,15.00,comephore
2008-03-27,20.00,comephore
2008-03-28,12.00,comephore
2008-03-29,0.00,comephore
2008-03-30,0.00,comephore
2008-03-31,0.00,comephore
2008-04-01,0.00,comephore
2008-04-02,59.00,comephore
2008-04-03,22.00,comephore
2008-04-04,0.00,comephore
2008-04-05,0.00,comephore
2008-04-06,38.00,comephore
2008-04-07,0.00,comephore
2008-04-08,7.00,comephore
2008-04-09,287.00,comephore
2008-04-10,164.00,comephore
2008-04-11,168.00,comephore
2008-04-12,0.00,comephore
2008-04-13,9.00,comephore
2008-04-14,176.00,comephore
2008-04-15,20.00,comephore
2008-04-16,0.00,comephore
2008-04-17,138.00,comephore
2008-04-18,126.00,comephore
2008-04-19,74.00,comephore
2008-04-20,6.00,comephore
2008-04-21,67.00,comephore
2008-04-22,7.00,comephore
2008-04-23,85.00,comephore
2008-04-24,0.00,comephore
2008-04-25,0.00,comephore
2008-04-26,0.00,comephore
2008-04-27,7.00,comephore
2008-04-28,0.00,comephore
2008-04-29,0.00,comephore
2008-04-30,80.00,comephore
2008-05-01,2.00,comephore
2008-05-02,0.00,comephore
2008-05-03,0.00,comephore
2008-05-04,0.00,comephore
2008-05-05,0.00,comephore
2008-05-06,0.00,comephore
2008-05-07,0.00,comephore
2008-05-08,0.00,comephore
2008-05-09,0.00,comephore
2008-05-10,0.00,comephore
2008-05-11,0.00,comephore
2008-05-12,0.00,comephore
2008-05-13,0.00,comephore
2008-05-14,0.00,comephore
2008-05-15,10.00,comephore
2008-05-16,0.00,comephore
2008-05-17,54.00,comephore
2008-05-18,3.00,comephore
2008-05-19,0.00,comephore
2008-05-20,0.00,comephore
2008-05-21,0.00,comephore
2008-05-22,0.00,comephore
2008-05-23,0.00,comephore
2008-05-24,100.00,comephore
2008-05-25,24.00,comephore
2008-05-26,63.00,comephore
2008-05-27,40.00,comephore
2008-05-28,2.00,comephore
2008-05-29,154.00,comephore
2008-05-30,208.00,comephore
2008-05-31,90.00,comephore
2008-06-01,0.00,comephore
2008-06-02,68.00,comephore
2008-06-03,29.00,comephore
2008-06-04,10.00,comephore
2008-06-05,159.00,comephore
2008-06-06,261.00,comephore
2008-06-07,148.00,comephore
2008-06-08,67.00,comephore
2008-06-09,0.00,comephore
2008-06-10,0.00,comephore
2008-06-11,0.00,comephore
2008-06-12,50.00,comephore
2008-06-13,0.00,comephore
2008-06-14,0.00,comephore
2008-06-15,52.00,comephore
2008-06-16,36.00,comephore
2008-06-17,10.00,comephore
2008-06-18,0.00,comephore
2008-06-19,0.00,comephore
2008-06-20,0.00,comephore
2008-06-21,0.00,comephore
2008-06-22,0.00,comephore
2008-06-23,0.00,comephore
2008-06-24,0.00,comephore
2008-06-25,0.00,comephore
2008-06-26,0.00,comephore
2008-06-27,0.00,comephore
2008-06-28,0.00,comephore
2008-06-29,0.00,comephore
2008-06-30,0.00,comephore
2008-07-01,0.00,comephore
2008-07-02,0.00,comephore
2008-07-03,273.00,comephore
2008-07-04,0.00,comephore
2008-07-05,0.00,comephore
2008-07-06,170.00,comephore
2008-07-07,5.00,comephore
2008-07-08,6.00,comephore
2008-07-09,0.00,comephore
2008-07-10,32.00,comephore
2008-07-11,50.00,comephore
2008-07-12,0.00,comephore
2008-07-13,190.00,comephore
2008-07-14,0.00,comephore
2008-07-15,0.00,comephore
2008-07-16,0.00,comephore
2008-07-17,0.00,comephore
2008-07-18,0.00,comephore
2008-07-19,0.00,comephore
2008-07-20,0.00,comephore
2008-07-21,0.00,comephore
2008-07-22,0.00,comephore
2008-07-23,0.00,comephore
2008-07-24,0.00,comephore
2008-07-25,0.00,comephore
2008-07-26,267.00,comephore
2008-07-27,35.00,comephore
2008-07-28,0.00,comephore
2008-07-29,53.00,comephore
2008-07-30,0.00,comephore
2008-07-31,3.00,comephore
2008-08-01,0.00,comephore
2008-08-02,0.00,comephore
2008-08-03,2.00,comephore
2008-08-04,0.00,comephore
2008-08-05,17.00,comephore
2008-08-06,0.00,comephore
2008-08-07,54.00,comephore
2008-08-08,30.00,comephore
2008-08-09,0.00,comephore
2008-08-10,0.00,comephore
2008-08-11,77.00,comephore
2008-08-12,303.00,comephore
2008-08-13,0.00,comephore
2008-08-14,18.00,comephore
2008-08-15,3.00,comephore
2008-08-16,0.00,comephore
2008-08-17,0.00,comephore
2008-08-18,0.00,comephore
2008-08-19,143.00,comephore
2008-08-20,0.00,comephore
2008-08-21,0.00,comephore
2008-08-22,109.00,comephore
2008-08-23,23.00,comephore
2008-08-24,0.00,comephore
2008-08-25,1.00,comephore
2008-08-26,0.00,comephore
2008-08-27,0.00,comephore
2008-08-28,0.00,comephore
2008-08-29,0.00,comephore
2008-08-30,0.00,comephore
2008-08-31,102.00,comephore
2008-09-01,0.00,comephore
2008-09-02,2.00,comephore
2008-09-03,303.00,comephore
2008-09-04,247.00,comephore
2008-09-05,0.00,comephore
2008-09-06,278.00,comephore
2008-09-07,0.00,comephore
2008-09-08,0.00,comephore
2008-09-09,2.00,comephore
2008-09-10,1.00,comephore
2008-09-11,104.00,comephore
2008-09-12,194.00,comephore
2008-09-13,247.00,comephore
2008-09-14,63.00,comephore
2008-09-15,0.00,comephore
2008-09-16,0.00,comephore
2008-09-17,0.00,comephore
2008-09-18,0.00,comephore
2008-09-19,0.00,comephore
2008-09-20,0.00,comephore
2008-09-21,0.00,comephore
2008-09-22,0.00,comephore
2008-09-23,0.00,comephore
2008-09-24,0.00,comephore
2008-09-25,0.00,comephore
2008-09-26,0.00,comephore
2008-09-27,0.00,comephore
2008-09-28,0.00,comephore
2008-09-29,0.00,comephore
2008-09-30,2.00,comephore
2008-10-01,0.00,comephore
2008-10-02,32.00,comephore
2008-10-03,27.00,comephore
2008-10-04,8.00,comephore
2008-10-05,0.00,comephore
2008-10-06,20.00,comephore
2008-10-07,0.00,comephore
2008-10-08,86.00,comephore
2008-10-09,5.00,comephore
2008-10-10,0.00,comephore
2008-10-11,0.00,comephore
2008-10-12,0.00,comephore
2008-10-13,0.00,comephore
2008-10-14,0.00,comephore
2008-10-15,6.00,comephore
2008-10-16,177.00,comephore
2008-10-17,0.00,comephore
2008-10-18,0.00,comephore
2008-10-19,0.00,comephore
2008-10-20,2.00,comephore
2008-10-21,243.00,comephore
2008-10-22,192.00,comephore
2008-10-23,0.00,comephore
2008-10-24,0.00,comephore
2008-10-25,0.00,comephore
2008-10-26,0.00,comephore
2008-10-27,122.00,comephore
2008-10-28,18.00,comephore
2008-10-29,69.00,comephore
2008-10-30,54.00,comephore
2008-10-31,179.00,comephore
2008-11-01,0.00,comephore
2008-11-02,18.00,comephore
2008-11-03,6.00,comephore
2008-11-04,0.00,comephore
2008-11-05,0.00,comephore
2008-11-06,3.00,comephore
2008-11-07,22.00,comephore
2008-11-08,0.00,comephore
2008-11-09,24.00,comephore
2008-11-10,1.00,comephore
2008-11-11,55.00,comephore
2008-11-12,0.00,comephore
2008-11-13,0.00,comephore
2008-11-14,0.00,comephore
2008-11-15,0.00,comephore
2008-11-16,4.00,comephore
2008-11-17,25.00,comephore
2008-11-18,21.00,comephore
2008-11-19,0.00,comephore
2008-11-20,2.00,comephore
2008-11-21,65.00,comephore
2008-11-22,35.00,comephore
2008-11-23,32.00,comephore
2008-11-24,26.00,comephore
2008-11-25,0.00,comephore
2008-11-26,0.00,comephore
2008-11-27,0.00,comephore
2008-11-28,0.00,comephore
2008-11-29,12.00,comephore
2008-11-30,26.00,comephore
2008-12-01,0.00,comephore
2008-12-02,12.00,comephore
2008-12-03,11.00,comephore
2008-12-04,36.00,comephore
2008-12-05,43.00,comephore
2008-12-06,27.00,comephore
2008-12-07,0.00,comephore
2008-12-08,0.00,comephore
2008-12-09,154.00,comephore
2008-12-10,59.00,comephore
2008-12-11,27.00,comephore
2008-12-12,0.00,comephore
2008-12-13,0.00,comephore
2008-12-14,0.00,comephore
2008-12-15,0.00,comephore
2008-12-16,0.00,comephore
2008-12-17,7.00,comephore
2008-12-18,0.00,comephore
2008-12-19,52.00,comephore
2008-12-20,20.00,comephore
2008-12-21,12.00,comephore
2008-12-22,0.00,comephore
2008-12-23,0.00,comephore
2008-12-24,0.00,comephore
2008-12-25,0.00,comephore
2008-12-26,0.00,comephore
2008-12-27,0.00,comephore
2008-12-28,0.00,comephore
2008-12-29,0.00,comephore
2008-12-30,255.00,comephore
2008-12-31,434.00,comephore
2009-01-01,0.00,comephore
2009-01-02,0.00,comephore
2009-01-03,0.00,comephore
2009-01-04,0.00,comephore
2009-01-05,0.00,comephore
2009-01-06,0.00,comephore
2009-01-07,0.00,comephore
2009-01-08,0.00,comephore
2009-01-09,0.00,comephore
2009-01-10,0.00,comephore
2009-01-11,0.00,comephore
2009-01-12,0.00,comephore
2009-01-13,0.00,comephore
2009-01-14,12.00,comephore
2009-01-15,0.00,comephore
2009-01-16,0.00,comephore
2009-01-17,0.00,comephore
2009-01-18,55.00,comephore
2009-01-19,59.00,comephore
2009-01-20,5.00,comephore
2009-01-21,0.00,comephore
2009-01-22,2.00,comephore
2009-01-23,111.00,comephore
2009-01-24,47.00,comephore
2009-01-25,0.00,comephore
2009-01-26,0.00,comephore
2009-01-27,11.00,comephore
2009-01-28,0.00,comephore
2009-01-29,0.00,comephore
2009-01-30,0.00,comephore
2009-01-31,0.00,comephore
2009-02-01,1.00,comephore
2009-02-02,45.00,comephore
2009-02-03,180.00,comephore
2009-02-04,1.00,comephore
2009-02-05,88.00,comephore
2009-02-06,229.00,comephore
2009-02-07,149.00,comephore
2009-02-08,23.00,comephore
2009-02-09,17.00,comephore
2009-02-10,14.00,comephore
2009-02-11,5.00,comephore
2009-02-12,49.00,comephore
2009-02-13,17.00,comephore
2009-02-14,13.00,comephore
2009-02-15,0.00,comephore
2009-02-16,3.00,comephore
2009-02-17,197.00,comephore
2009-02-18,4.00,comephore
2009-02-19,0.00,comephore
2009-02-20,0.00,comephore
2009-02-21,0.00,comephore
2009-02-22,43.00,comephore
2009-02-23,25.00,comephore
2009-02-24,1.00,comephore
2009-02-25,0.00,comephore
2009-02-26,0.00,comephore
2009-02-27,0.00,comephore
2009-02-28,0.00,comephore
2009-03-01,0.00,comephore
2009-03-02,31.00,comephore
2009-03-03,0.00,comephore
2009-03-04,82.00,comephore
2009-03-05,47.00,comephore
2009-03-06,171.00,comephore
2009-03-07,0.00,comephore
2009-03-08,13.00,comephore
2009-03-09,27.00,comephore
2009-03-10,76.00,comephore
2009-03-11,0.00,comephore
2009-03-12,0.00,comephore
2009-03-13,0.00,comephore
2009-03-14,3.00,comephore
2009-03-15,1.00,comephore
2009-03-16,0.00,comephore
2009-03-17,0.00,comephore
2009-03-18,0.00,comephore
2009-03-19,0.00,comephore
2009-03-20,0.00,comephore
2009-03-21,0.00,comephore
2009-03-22,0.00,comephore
2009-03-23,0.00,comephore
2009-03-24,71.00,comephore
2009-03-25,20.00,comephore
2009-03-26,0.00,comephore
2009-03-27,77.00,comephore
2009-03-28,158.00,comephore
2009-03-29,0.00,comephore
2009-03-30,0.00,comephore
2009-03-31,0.00,comephore
2009-04-01,0.00,comephore
2009-04-02,0.00,comephore
2009-04-03,0.00,comephore
2009-04-04,0.00,comephore
2009-04-05,0.00,comephore
2009-04-06,0.00,comephore
2009-04-07,22.00,comephore
2009-04-08,0.00,comephore
2009-04-09,0.00,comephore
2009-04-10,48.00,comephore
2009-04-11,0.00,comephore
2009-04-12,0.00,comephore
2009-04-13,0.00,comephore
2009-04-14,1.00,comephore
2009-04-15,4.00,comephore
2009-04-16,173.00,comephore
2009-04-17,12.00,comephore
2009-04-18,32.00,comephore
2009-04-19,0.00,comephore
2009-04-20,1.00,comephore
2009-04-21,3.00,comephore
2009-04-22,0.00,comephore
2009-04-23,0.00,comephore
2009-04-24,0.00,comephore
2009-04-25,1.00,comephore
2009-04-26,100.00,comephore
2009-04-27,1.00,comephore
2009-04-28,112.00,comephore
2009-04-29,60.00,comephore
2009-04-30,0.00,comephore
2009-05-01,0.00,comephore
2009-05-02,0.00,comephore
2009-05-03,0.00,comephore
2009-05-04,3.00,comephore
2009-05-05,0.00,comephore
2009-05-06,0.00,comephore
2009-05-07,17.00,comephore
2009-05-08,210.00,comephore
2009-05-09,0.00,comephore
2009-05-10,0.00,comephore
2009-05-11,3.00,comephore
2009-05-12,6.00,comephore
2009-05-13,7.00,comephore
2009-05-14,59.00,comephore
2009-05-15,162.00,comephore
2009-05-16,0.00,comephore
2009-05-17,64.00,comephore
2009-05-18,6.00,comephore
2009-05-19,0.00,comephore
2009-05-20,0.00,comephore
2009-05-21,11.00,comephore
2009-05-22,0.00,comephore
2009-05-23,0.00,comephore
2009-05-24,0.00,comephore
2009-05-25,0.00,comephore
2009-05-26,19.00,comephore
2009-05-27,0.00,comephore
2009-05-28,0.00,comephore
2009-05-29,0.00,comephore
2009-05-30,0.00,comephore
2009-05-31,0.00,comephore
2009-06-01,0.00,comephore
2009-06-02,0.00,comephore
2009-06-03,0.00,comephore
2009-06-04,0.00,comephore
2009-06-05,131.00,comephore
2009-06-06,238.00,comephore
2009-06-07,84.00,comephore
2009-06-08,83.00,comephore
2009-06-09,99.00,comephore
2009-06-10,22.00,comephore
2009-06-11,0.00,comephore
2009-06-12,0.00,comephore
2009-06-13,0.00,comephore
2009-06-14,29.00,comephore
2009-06-15,417.00,comephore
2009-06-16,0.00,comephore
2009-06-17,0.00,comephore
2009-06-18,0.00,comephore
2009-06-19,23.00,comephore
2009-06-20,0.00,comephore
2009-06-21,0.00,comephore
2009-06-22,0.00,comephore
2009-06-23,0.00,comephore
2009-06-24,0.00,comephore
2009-06-25,0.00,comephore
2009-06-26,106.00,comephore
2009-06-27,3.00,comephore
2009-06-28,0.00,comephore
2009-06-29,0.00,comephore
2009-06-30,0.00,comephore
2009-07-01,0.00,comephore
2009-07-02,0.00,comephore
2009-07-03,0.00,comephore
2009-07-04,0.00,comephore
2009-07-05,4.00,comephore
2009-07-06,42.00,comephore
2009-07-07,23.00,comephore
2009-07-08,34.00,comephore
2009-07-09,2.00,comephore
2009-07-10,0.00,comephore
2009-07-11,0.00,comephore
2009-07-12,0.00,comephore
2009-07-13,29.00,comephore
2009-07-14,284.00,comephore
2009-07-15,38.00,comephore
2009-07-16,15.00,comephore
2009-07-17,143.00,comephore
2009-07-18,36.00,comephore
2009-07-19,43.00,comephore
2009-07-20,0.00,comephore
2009-07-21,0.00,comephore
2009-07-22,21.00,comephore
2009-07-23,74.00,comephore
2009-07-24,2.00,comephore
2009-07-25,0.00,comephore
2009-07-26,0.00,comephore
2009-07-27,33.00,comephore
2009-07-28,0.00,comephore
2009-07-29,0.00,comephore
2009-07-30,0.00,comephore
2009-07-31,0.00,comephore
2009-08-01,0.00,comephore
2009-08-02,36.00,comephore
2009-08-03,0.00,comephore
2009-08-04,0.00,comephore
2009-08-05,0.00,comephore
2009-08-06,0.00,comephore
2009-08-07,0.00,comephore
2009-08-08,4.00,comephore
2009-08-09,0.00,comephore
2009-08-10,38.00,comephore
2009-08-11,0.00,comephore
2009-08-12,0.00,comephore
2009-08-13,0.00,comephore
2009-08-14,0.00,comephore
2009-08-15,0.00,comephore
2009-08-16,0.00,comephore
2009-08-17,0.00,comephore
2009-08-18,0.00,comephore
2009-08-19,0.00,comephore
2009-08-20,0.00,comephore
2009-08-21,101.00,comephore
2009-08-22,0.00,comephore
2009-08-23,0.00,comephore
2009-08-24,39.00,comephore
2009-08-25,41.00,comephore
2009-08-26,0.00,comephore
2009-08-27,0.00,comephore
2009-08-28,0.00,comephore
2009-08-29,0.00,comephore
2009-08-30,0.00,comephore
2009-08-31,0.00,comephore
2009-09-01,0.00,comephore
2009-09-02,0.00,comephore
2009-09-03,20.00,comephore
2009-09-04,51.00,comephore
2009-09-05,0.00,comephore
2009-09-06,0.00,comephore
2009-09-07,0.00,comephore
2009-09-08,0.00,comephore
2009-09-09,0.00,comephore
2009-09-10,0.00,comephore
2009-09-11,0.00,comephore
2009-09-12,0.00,comephore
2009-09-13,0.00,comephore
2009-09-14,0.00,comephore
2009-09-15,24.00,comephore
2009-09-16,8.00,comephore
2009-09-17,0.00,comephore
2009-09-18,50.00,comephore
2009-09-19,141.00,comephore
2009-09-20,6.00,comephore
2009-09-21,0.00,comephore
2009-09-22,0.00,comephore
2009-09-23,0.00,comephore
2009-09-24,0.00,comephore
2009-09-25,2.00,comephore
2009-09-26,0.00,comephore
2009-09-27,0.00,comephore
2009-09-28,0.00,comephore
2009-09-29,0.00,comephore
2009-09-30,0.00,comephore
2009-10-01,0.00,comephore
2009-10-02,0.00,comephore
2009-10-03,0.00,comephore
2009-10-04,0.00,comephore
2009-10-05,1.00,comephore
2009-10-06,5.00,comephore
2009-10-07,0.00,comephore
2009-10-08,113.00,comephore
2009-10-09,0.00,comephore
2009-10-10,22.00,comephore
2009-10-11,17.00,comephore
2009-10-12,34.00,comephore
2009-10-13,0.00,comephore
2009-10-14,0.00,comephore
2009-10-15,0.00,comephore
2009-10-16,6.00,comephore
2009-10-17,34.00,comephore
2009-10-18,0.00,comephore
2009-10-19,0.00,comephore
2009-10-20,0.00,comephore
2009-10-21,199.00,comephore
2009-10-22,72.00,comephore
2009-10-23,45.00,comephore
2009-10-24,23.00,comephore
2009-10-25,41.00,comephore
2009-10-26,0.00,comephore
2009-10-27,0.00,comephore
2009-10-28,0.00,comephore
2009-10-29,0.00,comephore
2009-10-30,0.00,comephore
2009-10-31,0.00,comephore
2009-11-01,0.00,comephore
2009-11-02,170.00,comephore
2009-11-03,28.00,comephore
2009-11-04,41.00,comephore
2009-11-05,14.00,comephore
2009-11-06,7.00,comephore
2009-11-07,111.00,comephore
2009-11-08,0.00,comephore
2009-11-09,70.00,comephore
2009-11-10,53.00,comephore
2009-11-11,0.00,comephore
2009-11-12,7.00,comephore
2009-11-13,17.00,comephore
2009-11-14,111.00,comephore
2009-11-15,12.00,comephore
2009-11-16,28.00,comephore
2009-11-17,14.00,comephore
2009-11-18,0.00,comephore
2009-11-19,0.00,comephore
2009-11-20,0.00,comephore
2009-11-21,0.00,comephore
2009-11-22,40.00,comephore
2009-11-23,95.00,comephore
2009-11-24,17.00,comephore
2009-11-25,8.00,comephore
2009-11-26,16.00,comephore
2009-11-27,18.00,comephore
2009-11-28,2.00,comephore
2009-11-29,283.00,comephore
2009-11-30,62.00,comephore
2009-12-01,3.00,comephore
2009-12-02,0.00,comephore
2009-12-03,44.00,comephore
2009-12-04,32.00,comephore
2009-12-05,7.00,comephore
2009-12-06,14.00,comephore
2009-12-07,162.00,comephore
2009-12-08,21.00,comephore
2009-12-09,1.00,comephore
2009-12-10,20.00,comephore
2009-12-11,10.00,comephore
2009-12-12,0.00,comephore
2009-12-13,1.00,comephore
2009-12-14,0.00,comephore
2009-12-15,0.00,comephore
2009-12-16,0.00,comephore
2009-12-17,19.00,comephore
2009-12-18,73.00,comephore
2009-12-19,22.00,comephore
2009-12-20,2.00,comephore
2009-12-21,27.00,comephore
2009-12-22,67.00,comephore
2009-12-23,170.00,comephore
2009-12-24,144.00,comephore
2009-12-25,1.00,comephore
2009-12-26,0.00,comephore
2009-12-27,10.00,comephore
2009-12-28,13.00,comephore
2009-12-29,42.00,comephore
2009-12-30,135.00,comephore
2009-12-31,66.00,comephore
2010-01-01,0.00,comephore
2010-01-02,0.00,comephore
2010-01-03,0.00,comephore
2010-01-04,0.00,comephore
2010-01-05,0.00,comephore
2010-01-06,1.00,comephore
2010-01-07,0.00,comephore
2010-01-08,22.00,comephore
2010-01-09,13.00,comephore
2010-01-10,18.00,comephore
2010-01-11,0.00,comephore
2010-01-12,11.00,comephore
2010-01-13,79.00,comephore
2010-01-14,7.00,comephore
2010-01-15,0.00,comephore
2010-01-16,62.00,comephore
2010-01-17,16.00,comephore
2010-01-18,2.00,comephore
2010-01-19,0.00,comephore
2010-01-20,64.00,comephore
2010-01-21,0.00,comephore
2010-01-22,0.00,comephore
2010-01-23,0.00,comephore
2010-01-24,36.00,comephore
2010-01-25,17.00,comephore
2010-01-26,0.00,comephore
2010-01-27,0.00,comephore
2010-01-28,17.00,comephore
2010-01-29,80.00,comephore
2010-01-30,14.00,comephore
2010-01-31,0.00,comephore
2010-02-01,0.00,comephore
2010-02-02,8.00,comephore
2010-02-03,11.00,comephore
2010-02-04,0.00,comephore
2010-02-05,187.00,comephore
2010-02-06,24.00,comephore
2010-02-07,0.00,comephore
2010-02-08,0.00,comephore
2010-02-09,65.00,comephore
2010-02-10,1.00,comephore
2010-02-11,0.00,comephore
2010-02-12,22.00,comephore
2010-02-13,0.00,comephore
2010-02-14,0.00,comephore
2010-02-15,0.00,comephore
2010-02-16,16.00,comephore
2010-02-17,194.00,comephore
2010-02-18,16.00,comephore
2010-02-19,92.00,comephore
2010-02-20,6.00,comephore
2010-02-21,17.00,comephore
2010-02-22,24.00,comephore
2010-02-23,120.00,comephore
2010-02-24,46.00,comephore
2010-02-25,72.00,comephore
2010-02-26,35.00,comephore
2010-02-27,23.00,comephore
2010-02-28,3.00,comephore
2010-03-01,0.00,comephore
2010-03-02,36.00,comephore
2010-03-03,0.00,comephore
2010-03-04,24.00,comephore
2010-03-05,0.00,comephore
2010-03-06,12.00,comephore
2010-03-07,0.00,comephore
2010-03-08,0.00,comephore
2010-03-09,0.00,comephore
2010-03-10,3.00,comephore
2010-03-11,11.00,comephore
2010-03-12,0.00,comephore
2010-03-13,0.00,comephore
2010-03-14,0.00,comephore
2010-03-15,0.00,comephore
2010-03-16,0.00,comephore
2010-03-17,0.00,comephore
2010-03-18,0.00,comephore
2010-03-19,0.00,comephore
2010-03-20,20.00,comephore
2010-03-21,26.00,comephore
2010-03-22,0.00,comephore
2010-03-23,0.00,comephore
2010-03-24,0.00,comephore
2010-03-25,0.00,comephore
2010-03-26,263.00,comephore
2010-03-27,42.00,comephore
2010-03-28,51.00,comephore
2010-03-29,0.00,comephore
2010-03-30,101.00,comephore
2010-03-31,74.00,comephore
2010-04-01,18.00,comephore
2010-04-02,22.00,comephore
2010-04-03,246.00,comephore
2010-04-04,14.00,comephore
2010-04-05,0.00,comephore
2010-04-06,0.00,comephore
2010-04-07,5.00,comephore
2010-04-08,52.00,comephore
2010-04-09,0.00,comephore
2010-04-10,0.00,comephore
2010-04-11,0.00,comephore
2010-04-12,0.00,comephore
2010-04-13,9.00,comephore
2010-04-14,0.00,comephore
2010-04-15,0.00,comephore
2010-04-16,0.00,comephore
2010-04-17,0.00,comephore
2010-04-18,0.00,comephore
2010-04-19,0.00,comephore
2010-04-20,3.00,comephore
2010-04-21,0.00,comephore
2010-04-22,0.00,comephore
2010-04-23,0.00,comephore
2010-04-24,0.00,comephore
2010-04-25,0.00,comephore
2010-04-26,0.00,comephore
2010-04-27,0.00,comephore
2010-04-28,0.00,comephore
2010-04-29,0.00,comephore
2010-04-30,32.00,comephore
2010-05-01,0.00,comephore
2010-05-02,25.00,comephore
2010-05-03,0.00,comephore
2010-05-04,0.00,comephore
2010-05-05,117.00,comephore
2010-05-06,33.00,comephore
2010-05-07,0.00,comephore
2010-05-08,11.00,comephore
2010-05-09,117.00,comephore
2010-05-10,2.00,comephore
2010-05-11,184.00,comephore
2010-05-12,3.00,comephore
2010-05-13,0.00,comephore
2010-05-14,0.00,comephore
2010-05-15,6.00,comephore
2010-05-16,0.00,comephore
2010-05-17,8.00,comephore
2010-05-18,0.00,comephore
2010-05-19,0.00,comephore
2010-05-20,0.00,comephore
2010-05-21,0.00,comephore
2010-05-22,0.00,comephore
2010-05-23,0.00,comephore
2010-05-24,0.00,comephore
2010-05-25,1.00,comephore
2010-05-26,180.00,comephore
2010-05-27,5.00,comephore
2010-05-28,63.00,comephore
2010-05-29,6.00,comephore
2010-05-30,125.00,comephore
2010-05-31,66.00,comephore
2010-06-01,0.00,comephore
2010-06-02,0.00,comephore
2010-06-03,0.00,comephore
2010-06-04,0.00,comephore
2010-06-05,0.00,comephore
2010-06-06,239.00,comephore
2010-06-07,2.00,comephore
2010-06-08,14.00,comephore
2010-06-09,7.00,comephore
2010-06-10,138.00,comephore
2010-06-11,91.00,comephore
2010-06-12,10.00,comephore
2010-06-13,2.00,comephore
2010-06-14,35.00,comephore
2010-06-15,47.00,comephore
2010-06-16,74.00,comephore
2010-06-17,99.00,comephore
2010-06-18,30.00,comephore
2010-06-19,92.00,comephore
2010-06-20,7.00,comephore
2010-06-21,0.00,comephore
2010-06-22,0.00,comephore
2010-06-23,0.00,comephore
2010-06-24,0.00,comephore
2010-06-25,0.00,comephore
2010-06-26,0.00,comephore
2010-06-27,0.00,comephore
2010-06-28,0.00,comephore
2010-06-29,0.00,comephore
2010-06-30,0.00,comephore
2010-07-01,0.00,comephore
2010-07-02,0.00,comephore
2010-07-03,8.00,comephore
2010-07-04,39.00,comephore
2010-07-05,0.00,comephore
2010-07-06,0.00,comephore
2010-07-07,0.00,comephore
2010-07-08,0.00,comephore
2010-07-09,0.00,comephore
2010-07-10,3.00,comephore
2010-07-11,0.00,comephore
2010-07-12,76.00,comephore
2010-07-13,0.00,comephore
2010-07-14,0.00,comephore
2010-07-15,10.00,comephore
2010-07-16,0.00,comephore
2010-07-17,1.00,comephore
2010-07-18,0.00,comephore
2010-07-19,0.00,comephore
2010-07-20,0.00,comephore
2010-07-21,22.00,comephore
2010-07-22,66.00,comephore
2010-07-23,7.00,comephore
2010-07-24,0.00,comephore
2010-07-25,0.00,comephore
2010-07-26,68.00,comephore
2010-07-27,0.00,comephore
2010-07-28,1.00,comephore
2010-07-29,4.00,comephore
2010-07-30,0.00,comephore
2010-07-31,0.00,comephore
2010-08-01,0.00,comephore
2010-08-02,108.00,comephore
2010-08-03,10.00,comephore
2010-08-04,51.00,comephore
2010-08-05,11.00,comephore
2010-08-06,0.00,comephore
2010-08-07,0.00,comephore
2010-08-08,0.00,comephore
2010-08-09,0.00,comephore
2010-08-10,0.00,comephore
2010-08-11,1.00,comephore
2010-08-12,74.00,comephore
2010-08-13,0.00,comephore
2010-08-14,198.00,comephore
2010-08-15,198.00,comephore
2010-08-16,315.00,comephore
2010-08-17,0.00,comephore
2010-08-18,23.00,comephore
2010-08-19,0.00,comephore
2010-08-20,17.00,comephore
2010-08-21,0.00,comephore
2010-08-22,26.00,comephore
2010-08-23,42.00,comephore
2010-08-24,4.00,comephore
2010-08-25,0.00,comephore
2010-08-26,0.00,comephore
2010-08-27,218.00,comephore
2010-08-28,2.00,comephore
2010-08-29,0.00,comephore
2010-08-30,24.00,comephore
2010-08-31,0.00,comephore
2010-09-01,0.00,comephore
2010-09-02,0.00,comephore
2010-09-03,0.00,comephore
2010-09-04,0.00,comephore
2010-09-05,0.00,comephore
2010-09-06,5.00,comephore
2010-09-07,377.00,comephore
2010-09-08,2.00,comephore
2010-09-09,52.00,comephore
2010-09-10,0.00,comephore
2010-09-11,0.00,comephore
2010-09-12,25.00,comephore
2010-09-13,0.00,comephore
2010-09-14,0.00,comephore
2010-09-15,26.00,comephore
2010-09-16,10.00,comephore
2010-09-17,0.00,comephore
2010-09-18,0.00,comephore
2010-09-19,0.00,comephore
2010-09-20,0.00,comephore
2010-09-21,0.00,comephore
2010-09-22,0.00,comephore
2010-09-23,1.00,comephore
2010-09-24,184.00,comephore
2010-09-25,89.00,comephore
2010-09-26,0.00,comephore
2010-09-27,5.00,comephore
2010-09-28,0.00,comephore
2010-09-29,0.00,comephore
2010-09-30,16.00,comephore
2010-10-01,0.00,comephore
2010-10-02,0.00,comephore
2010-10-03,0.00,comephore
2010-10-04,107.00,comephore
2010-10-05,38.00,comephore
2010-10-06,0.00,comephore
2010-10-07,0.00,comephore
2010-10-08,0.00,comephore
2010-10-09,0.00,comephore
2010-10-10,0.00,comephore
2010-10-11,0.00,comephore
2010-10-12,0.00,comephore
2010-10-13,0.00,comephore
2010-10-14,0.00,comephore
2010-10-15,0.00,comephore
2010-10-16,55.00,comephore
2010-10-17,22.00,comephore
2010-10-18,0.00,comephore
2010-10-19,25.00,comephore
2010-10-20,0.00,comephore
2010-10-21,0.00,comephore
2010-10-22,2.00,comephore
2010-10-23,58.00,comephore
2010-10-24,157.00,comephore
2010-10-25,0.00,comephore
2010-10-26,0.00,comephore
2010-10-27,0.00,comephore
2010-10-28,0.00,comephore
2010-10-29,0.00,comephore
2010-10-30,122.00,comephore
2010-10-31,186.00,comephore
2010-11-01,14.00,comephore
2010-11-02,0.00,comephore
2010-11-03,5.00,comephore
2010-11-04,15.00,comephore
2010-11-05,4.00,comephore
2010-11-06,0.00,comephore
2010-11-07,271.00,comephore
2010-11-08,45.00,comephore
2010-11-09,14.00,comephore
2010-11-10,61.00,comephore
2010-11-11,10.00,comephore
2010-11-12,139.00,comephore
2010-11-13,0.00,comephore
2010-11-14,93.00,comephore
2010-11-15,311.00,comephore
2010-11-16,3.00,comephore
2010-11-17,0.00,comephore
2010-11-18,19.00,comephore
2010-11-19,9.00,comephore
2010-11-20,0.00,comephore
2010-11-21,8.00,comephore
2010-11-22,10.00,comephore
2010-11-23,27.00,comephore
2010-11-24,46.00,comephore
2010-11-25,115.00,comephore
2010-11-26,40.00,comephore
2010-11-27,39.00,comephore
2010-11-28,21.00,comephore
2010-11-29,3.00,comephore
2010-11-30,0.00,comephore
2010-12-01,0.00,comephore
2010-12-02,0.00,comephore
2010-12-03,37.00,comephore
2010-12-04,0.00,comephore
2010-12-05,192.00,comephore
2010-12-06,290.00,comephore
2010-12-07,63.00,comephore
2010-12-08,117.00,comephore
2010-12-09,2.00,comephore
2010-12-10,0.00,comephore
2010-12-11,0.00,comephore
2010-12-12,1.00,comephore
2010-12-13,0.00,comephore
2010-12-14,7.00,comephore
2010-12-15,4.00,comephore
2010-12-16,8.00,comephore
2010-12-17,65.00,comephore
2010-12-18,20.00,comephore
2010-12-19,1.00,comephore
2010-12-20,19.00,comephore
2010-12-21,177.00,comephore
2010-12-22,181.00,comephore
2010-12-23,11.00,comephore
2010-12-24,110.00,comephore
2010-12-25,14.00,comephore
2010-12-26,0.00,comephore
2010-12-27,0.00,comephore
2010-12-28,40.00,comephore
2010-12-29,0.00,comephore
2010-12-30,0.00,comephore
2010-12-31,0.00,comephore
2011-01-01,0.00,comephore
2011-01-02,0.00,comephore
2011-01-03,0.00,comephore
2011-01-04,0.00,comephore
2011-01-05,0.00,comephore
2011-01-06,67.00,comephore
2011-01-07,38.00,comephore
2011-01-08,44.00,comephore
2011-01-09,346.00,comephore
2011-01-10,1.00,comephore
2011-01-11,70.00,comephore
2011-01-12,29.00,comephore
2011-01-13,34.00,comephore
2011-01-14,0.00,comephore
2011-01-15,0.00,comephore
2011-01-16,0.00,comephore
2011-01-17,6.00,comephore
2011-01-18,0.00,comephore
2011-01-19,17.00,comephore
2011-01-20,12.00,comephore
2011-01-21,0.00,comephore
2011-01-22,0.00,comephore
2011-01-23,0.00,comephore
2011-01-24,0.00,comephore
2011-01-25,10.00,comephore
2011-01-26,46.00,comephore
2011-01-27,0.00,comephore
2011-01-28,0.00,comephore
2011-01-29,0.00,comephore
2011-01-30,0.00,comephore
2011-01-31,0.00,comephore
2011-02-01,0.00,comephore
2011-02-02,0.00,comephore
2011-02-03,16.00,comephore
2011-02-04,20.00,comephore
2011-02-05,0.00,comephore
2011-02-06,0.00,comephore
2011-02-07,0.00,comephore
2011-02-08,0.00,comephore
2011-02-09,0.00,comephore
2011-02-10,0.00,comephore
2011-02-11,0.00,comephore
2011-02-12,1.00,comephore
2011-02-13,34.00,comephore
2011-02-14,101.00,comephore
2011-02-15,24.00,comephore
2011-02-16,0.00,comephore
2011-02-17,0.00,comephore
2011-02-18,0.00,comephore
2011-02-19,1.00,comephore
2011-02-20,143.00,comephore
2011-02-21,0.00,comephore
2011-02-22,1.00,comephore
2011-02-23,0.00,comephore
2011-02-24,58.00,comephore
2011-02-25,0.00,comephore
2011-02-26,79.00,comephore
2011-02-27,59.00,comephore
2011-02-28,0.00,comephore
2011-03-01,0.00,comephore
2011-03-02,0.00,comephore
2011-03-03,0.00,comephore
2011-03-04,0.00,comephore
2011-03-05,0.00,comephore
2011-03-06,0.00,comephore
2011-03-07,0.00,comephore
2011-03-08,0.00,comephore
2011-03-09,0.00,comephore
2011-03-10,0.00,comephore
2011-03-11,0.00,comephore
2011-03-12,30.00,comephore
2011-03-13,106.00,comephore
2011-03-14,0.00,comephore
2011-03-15,0.00,comephore
2011-03-16,4.00,comephore
2011-03-17,83.00,comephore
2011-03-18,12.00,comephore
2011-03-19,81.00,comephore
2011-03-20,0.00,comephore
2011-03-21,0.00,comephore
2011-03-22,0.00,comephore
2011-03-23,0.00,comephore
2011-03-24,0.00,comephore
2011-03-25,0.00,comephore
2011-03-26,0.00,comephore
2011-03-27,0.00,comephore
2011-03-28,6.00,comephore
2011-03-29,5.00,comephore
2011-03-30,14.00,comephore
2011-03-31,76.00,comephore
2011-04-01,0.00,comephore
2011-04-02,0.00,comephore
2011-04-03,82.00,comephore
2011-04-04,105.00,comephore
2011-04-05,0.00,comephore
2011-04-06,0.00,comephore
2011-04-07,0.00,comephore
2011-04-08,0.00,comephore
2011-04-09,0.00,comephore
2011-04-10,0.00,comephore
2011-04-11,0.00,comephore
2011-04-12,4.00,comephore
2011-04-13,0.00,comephore
2011-04-14,0.00,comephore
2011-04-15,0.00,comephore
2011-04-16,0.00,comephore
2011-04-17,0.00,comephore
2011-04-18,0.00,comephore
2011-04-19,0.00,comephore
2011-04-20,0.00,comephore
2011-04-21,0.00,comephore
2011-04-22,0.00,comephore
2011-04-23,0.00,comephore
2011-04-24,5.00,comephore
2011-04-25,0.00,comephore
2011-04-26,0.00,comephore
2011-04-27,0.00,comephore
2011-04-28,146.00,comephore
2011-04-29,11.00,comephore
2011-04-30,0.00,comephore
2011-05-01,0.00,comephore
2011-05-02,0.00,comephore
2011-05-03,10.00,comephore
2011-05-04,0.00,comephore
2011-05-05,0.00,comephore
2011-05-06,0.00,comephore
2011-05-07,0.00,comephore
2011-05-08,0.00,comephore
2011-05-09,0.00,comephore
2011-05-10,0.00,comephore
2011-05-11,0.00,comephore
2011-05-12,35.00,comephore
2011-05-13,0.00,comephore
2011-05-14,18.00,comephore
2011-05-15,87.00,comephore
2011-05-16,0.00,comephore
2011-05-17,0.00,comephore
2011-05-18,0.00,comephore
2011-05-19,0.00,comephore
2011-05-20,0.00,comephore
2011-05-21,0.00,comephore
2011-05-22,18.00,comephore
2011-05-23,0.00,comephore
2011-05-24,0.00,comephore
2011-05-25,0.00,comephore
2011-05-26,9.00,comephore
2011-05-27,14.00,comephore
2011-05-28,0.00,comephore
2011-05-29,0.00,comephore
2011-05-30,0.00,comephore
2011-05-31,250.00,comephore
2011-06-01,1.00,comephore
2011-06-02,0.00,comephore
2011-06-03,0.00,comephore
2011-06-04,215.00,comephore
2011-06-05,0.00,comephore
2011-06-06,49.00,comephore
2011-06-07,0.00,comephore
2011-06-08,151.00,comephore
2011-06-09,0.00,comephore
2011-06-10,0.00,comephore
2011-06-11,0.00,comephore
2011-06-12,0.00,comephore
2011-06-13,5.00,comephore
2011-06-14,0.00,comephore
2011-06-15,0.00,comephore
2011-06-16,37.00,comephore
2011-06-17,86.00,comephore
2011-06-18,12.00,comephore
2011-06-19,0.00,comephore
2011-06-20,0.00,comephore
2011-06-21,0.00,comephore
2011-06-22,145.00,comephore
2011-06-23,0.00,comephore
2011-06-24,0.00,comephore
2011-06-25,0.00,comephore
2011-06-26,0.00,comephore
2011-06-27,0.00,comephore
2011-06-28,0.00,comephore
2011-06-29,11.00,comephore
2011-06-30,0.00,comephore
2011-07-01,0.00,comephore
2011-07-02,0.00,comephore
2011-07-03,0.00,comephore
2011-07-04,0.00,comephore
2011-07-05,0.00,comephore
2011-07-06,0.00,comephore
2011-07-07,325.00,comephore
2011-07-08,0.00,comephore
2011-07-09,21.00,comephore
2011-07-10,108.00,comephore
2011-07-11,0.00,comephore
2011-07-12,24.00,comephore
2011-07-13,339.00,comephore
2011-07-14,0.00,comephore
2011-07-15,0.00,comephore
2011-07-16,0.00,comephore
2011-07-17,231.00,comephore
2011-07-18,0.00,comephore
2011-07-19,54.00,comephore
2011-07-20,86.00,comephore
2011-07-21,142.00,comephore
2011-07-22,131.00,comephore
2011-07-23,136.00,comephore
2011-07-24,0.00,comephore
2011-07-25,5.00,comephore
2011-07-26,5.00,comephore
2011-07-27,4.00,comephore
2011-07-28,28.00,comephore
2011-07-29,0.00,comephore
2011-07-30,0.00,comephore
2011-07-31,0.00,comephore
2011-08-01,0.00,comephore
2011-08-02,0.00,comephore
2011-08-03,8.00,comephore
2011-08-04,0.00,comephore
2011-08-05,1.00,comephore
2011-08-06,118.00,comephore
2011-08-07,65.00,comephore
2011-08-08,8.00,comephore
2011-08-09,3.00,comephore
2011-08-10,0.00,comephore
2011-08-11,0.00,comephore
2011-08-12,0.00,comephore
2011-08-13,0.00,comephore
2011-08-14,126.00,comephore
2011-08-15,53.00,comephore
2011-08-16,0.00,comephore
2011-08-17,0.00,comephore
2011-08-18,49.00,comephore
2011-08-19,49.00,comephore
2011-08-20,0.00,comephore
2011-08-21,0.00,comephore
2011-08-22,0.00,comephore
2011-08-23,0.00,comephore
2011-08-24,8.00,comephore
2011-08-25,17.00,comephore
2011-08-26,308.00,comephore
2011-08-27,16.00,comephore
2011-08-28,0.00,comephore
2011-08-29,0.00,comephore
2011-08-30,0.00,comephore
2011-08-31,0.00,comephore
2011-09-01,0.00,comephore
2011-09-02,0.00,comephore
2011-09-03,1.00,comephore
2011-09-04,12.00,comephore
2011-09-05,4.00,comephore
2011-09-06,0.00,comephore
2011-09-07,4.00,comephore
2011-09-08,10.00,comephore
2011-09-09,36.00,comephore
2011-09-10,0.00,comephore
2011-09-11,76.00,comephore
2011-09-12,0.00,comephore
2011-09-13,24.00,comephore
2011-09-14,36.00,comephore
2011-09-15,0.00,comephore
2011-09-16,0.00,comephore
2011-09-17,17.00,comephore
2011-09-18,69.00,comephore
2011-09-19,44.00,comephore
2011-09-20,0.00,comephore
2011-09-21,0.00,comephore
2011-09-22,0.00,comephore
2011-09-23,0.00,comephore
2011-09-24,0.00,comephore
2011-09-25,0.00,comephore
2011-09-26,0.00,comephore
2011-09-27,0.00,comephore
2011-09-28,0.00,comephore
2011-09-29,0.00,comephore
2011-09-30,0.00,comephore
2011-10-01,0.00,comephore
2011-10-02,0.00,comephore
2011-10-03,0.00,comephore
2011-10-04,0.00,comephore
2011-10-05,0.00,comephore
2011-10-06,150.00,comephore
2011-10-07,25.00,comephore
2011-10-08,142.00,comephore
2011-10-09,100.00,comephore
2011-10-10,25.00,comephore
2011-10-11,0.00,comephore
2011-10-12,6.00,comephore
2011-10-13,0.00,comephore
2011-10-14,0.00,comephore
2011-10-15,0.00,comephore
2011-10-16,0.00,comephore
2011-10-17,0.00,comephore
2011-10-18,0.00,comephore
2011-10-19,264.00,comephore
2011-10-20,0.00,comephore
2011-10-21,0.00,comephore
2011-10-22,0.00,comephore
2011-10-23,0.00,comephore
2011-10-24,4.00,comephore
2011-10-25,155.00,comephore
2011-10-26,0.00,comephore
2011-10-27,1.00,comephore
2011-10-28,1.00,comephore
2011-10-29,0.00,comephore
2011-10-30,0.00,comephore
2011-10-31,0.00,comephore
2011-11-01,0.00,comephore
2011-11-02,0.00,comephore
2011-11-03,3.00,comephore
2011-11-04,236.00,comephore
2011-11-05,5.00,comephore
2011-11-06,0.00,comephore
2011-11-07,0.00,comephore
2011-11-08,0.00,comephore
2011-11-09,0.00,comephore
2011-11-10,2.00,comephore
2011-11-11,1.00,comephore
2011-11-12,0.00,comephore
2011-11-13,0.00,comephore
2011-11-14,0.00,comephore
2011-11-15,0.00,comephore
2011-11-16,0.00,comephore
2011-11-17,0.00,comephore
2011-11-18,0.00,comephore
2011-11-19,0.00,comephore
2011-11-20,0.00,comephore
2011-11-21,0.00,comephore
2011-11-22,0.00,comephore
2011-11-23,0.00,comephore
2011-11-24,0.00,comephore
2011-11-25,0.00,comephore
2011-11-26,0.00,comephore
2011-11-27,0.00,comephore
2011-11-28,0.00,comephore
2011-11-29,0.00,comephore
2011-11-30,33.00,comephore
2011-12-01,0.00,comephore
2011-12-02,62.00,comephore
2011-12-03,96.00,comephore
2011-12-04,58.00,comephore
2011-12-05,123.00,comephore
2011-12-06,24.00,comephore
2011-12-07,23.00,comephore
2011-12-08,3.00,comephore
2011-12-09,0.00,comephore
2011-12-10,49.00,comephore
2011-12-11,0.00,comephore
2011-12-12,127.00,comephore
2011-12-13,13.00,comephore
2011-12-14,69.00,comephore
2011-12-15,30.00,comephore
2011-12-16,217.00,comephore
2011-12-17,8.00,comephore
2011-12-18,54.00,comephore
2011-12-19,59.00,comephore
2011-12-20,46.00,comephore
2011-12-21,68.00,comephore
2011-12-22,37.00,comephore
2011-12-23,0.00,comephore
2011-12-24,40.00,comephore
2011-12-25,0.00,comephore
2011-12-26,0.00,comephore
2011-12-27,0.00,comephore
2011-12-28,13.00,comephore
2011-12-29,42.00,comephore
2011-12-30,118.00,comephore
2011-12-31,92.00,comephore
2012-01-01,3.00,comephore
2012-01-02,130.00,comephore
2012-01-03,0.00,comephore
2012-01-04,96.00,comephore
2012-01-05,172.00,comephore
2012-01-06,7.00,comephore
2012-01-07,54.00,comephore
2012-01-08,37.00,comephore
2012-01-09,0.00,comephore
2012-01-10,0.00,comephore
2012-01-11,0.00,comephore
2012-01-12,0.00,comephore
2012-01-13,2.00,comephore
2012-01-14,0.00,comephore
2012-01-15,0.00,comephore
2012-01-16,0.00,comephore
2012-01-17,0.00,comephore
2012-01-18,0.00,comephore
2012-01-19,76.00,comephore
2012-01-20,77.00,comephore
2012-01-21,53.00,comephore
2012-01-22,49.00,comephore
2012-01-23,0.00,comephore
2012-01-24,47.00,comephore
2012-01-25,11.00,comephore
2012-01-26,7.00,comephore
2012-01-27,21.00,comephore
2012-01-28,0.00,comephore
2012-01-29,1.00,comephore
2012-01-30,3.00,comephore
2012-01-31,42.00,comephore
2012-02-01,0.00,comephore
2012-02-02,2.00,comephore
2012-02-03,1.00,comephore
2012-02-04,0.00,comephore
2012-02-05,0.00,comephore
2012-02-06,0.00,comephore
2012-02-07,0.00,comephore
2012-02-08,0.00,comephore
2012-02-09,0.00,comephore
2012-02-10,0.00,comephore
2012-02-11,0.00,comephore
2012-02-12,0.00,comephore
2012-02-13,17.00,comephore
2012-02-14,27.00,comephore
2012-02-15,39.00,comephore
2012-02-16,0.00,comephore
2012-02-17,0.00,comephore
2012-02-18,0.00,comephore
2012-02-19,37.00,comephore
2012-02-20,0.00,comephore
2012-02-21,0.00,comephore
2012-02-22,0.00,comephore
2012-02-23,9.00,comephore
2012-02-24,0.00,comephore
2012-02-25,0.00,comephore
2012-02-26,0.00,comephore
2012-02-27,0.00,comephore
2012-02-28,0.00,comephore
2012-02-29,0.00,comephore
2012-03-01,0.00,comephore
2012-03-02,0.00,comephore
2012-03-03,0.00,comephore
2012-03-04,49.00,comephore
2012-03-05,34.00,comephore
2012-03-06,0.00,comephore
2012-03-07,48.00,comephore
2012-03-08,56.00,comephore
2012-03-09,0.00,comephore
2012-03-10,0.00,comephore
2012-03-11,0.00,comephore
2012-03-12,0.00,comephore
2012-03-13,0.00,comephore
2012-03-14,0.00,comephore
2012-03-15,0.00,comephore
2012-03-16,0.00,comephore
2012-03-17,0.00,comephore
2012-03-18,253.00,comephore
2012-03-19,22.00,comephore
2012-03-20,6.00,comephore
2012-03-21,1.00,comephore
2012-03-22,0.00,comephore
2012-03-23,0.00,comephore
2012-03-24,0.00,comephore
2012-03-25,0.00,comephore
2012-03-26,0.00,comephore
2012-03-27,0.00,comephore
2012-03-28,0.00,comephore
2012-03-29,0.00,comephore
2012-03-30,0.00,comephore
2012-03-31,0.00,comephore
2012-04-01,0.00,comephore
2012-04-02,0.00,comephore
2012-04-03,120.00,comephore
2012-04-04,109.00,comephore
2012-04-05,12.00,comephore
2012-04-06,0.00,comephore
2012-04-07,5.00,comephore
2012-04-08,0.00,comephore
2012-04-09,0.00,comephore
2012-04-10,82.00,comephore
2012-04-11,41.00,comephore
2012-04-12,47.00,comephore
2012-04-13,0.00,comephore
2012-04-14,85.00,comephore
2012-04-15,138.00,comephore
2012-04-16,9.00,comephore
2012-04-17,10.00,comephore
2012-04-18,21.00,comephore
2012-04-19,72.00,comephore
2012-04-20,17.00,comephore
2012-04-21,61.00,comephore
2012-04-22,20.00,comephore
2012-04-23,80.00,comephore
2012-04-24,52.00,comephore
2012-04-25,2.00,comephore
2012-04-26,0.00,comephore
2012-04-27,0.00,comephore
2012-04-28,0.00,comephore
2012-04-29,26.00,comephore
2012-04-30,93.00,comephore
2012-05-01,0.00,comephore
2012-05-02,383.00,comephore
2012-05-03,0.00,comephore
2012-05-04,56.00,comephore
2012-05-05,31.00,comephore
2012-05-06,17.00,comephore
2012-05-07,4.00,comephore
2012-05-08,28.00,comephore
2012-05-09,15.00,comephore
2012-05-10,0.00,comephore
2012-05-11,11.00,comephore
2012-05-12,21.00,comephore
2012-05-13,0.00,comephore
2012-05-14,0.00,comephore
2012-05-15,0.00,comephore
2012-05-16,6.00,comephore
2012-05-17,0.00,comephore
2012-05-18,33.00,comephore
2012-05-19,71.00,comephore
2012-05-20,76.00,comephore
2012-05-21,259.00,comephore
2012-05-22,271.00,comephore
2012-05-23,0.00,comephore
2012-05-24,0.00,comephore
2012-05-25,0.00,comephore
2012-05-26,0.00,comephore
2012-05-27,0.00,comephore
2012-05-28,0.00,comephore
2012-05-29,0.00,comephore
2012-05-30,4.00,comephore
2012-05-31,1.00,comephore
2012-06-01,0.00,comephore
2012-06-02,0.00,comephore
2012-06-03,401.00,comephore
2012-06-04,23.00,comephore
2012-06-05,2.00,comephore
2012-06-06,30.00,comephore
2012-06-07,325.00,comephore
2012-06-08,99.00,comephore
2012-06-09,0.00,comephore
2012-06-10,40.00,comephore
2012-06-11,48.00,comephore
2012-06-12,76.00,comephore
2012-06-13,232.00,comephore
2012-06-14,0.00,comephore
2012-06-15,0.00,comephore
2012-06-16,0.00,comephore
2012-06-17,8.00,comephore
2012-06-18,0.00,comephore
2012-06-19,14.00,comephore
2012-06-20,50.00,comephore
2012-06-21,22.00,comephore
2012-06-22,0.00,comephore
2012-06-23,0.00,comephore
2012-06-24,2.00,comephore
2012-06-25,84.00,comephore
2012-06-26,102.00,comephore
2012-06-27,0.00,comephore
2012-06-28,59.00,comephore
2012-06-29,9.00,comephore
2012-06-30,147.00,comephore
2012-07-01,0.00,comephore
2012-07-02,20.00,comephore
2012-07-03,0.00,comephore
2012-07-04,0.00,comephore
2012-07-05,39.00,comephore
2012-07-06,17.00,comephore
2012-07-07,0.00,comephore
2012-07-08,238.00,comephore
2012-07-09,0.00,comephore
2012-07-10,15.00,comephore
2012-07-11,0.00,comephore
2012-07-12,0.00,comephore
2012-07-13,100.00,comephore
2012-07-14,22.00,comephore
2012-07-15,22.00,comephore
2012-07-16,0.00,comephore
2012-07-17,0.00,comephore
2012-07-18,0.00,comephore
2012-07-19,0.00,comephore
2012-07-20,24.00,comephore
2012-07-21,1.00,comephore
2012-07-22,0.00,comephore
2012-07-23,0.00,comephore
2012-07-24,0.00,comephore
2012-07-25,0.00,comephore
2012-07-26,0.00,comephore
2012-07-27,0.00,comephore
2012-07-28,199.00,comephore
2012-07-29,2.00,comephore
2012-07-30,0.00,comephore
2012-07-31,0.00,comephore
2012-08-01,0.00,comephore
2012-08-02,0.00,comephore
2012-08-03,0.00,comephore
2012-08-04,72.00,comephore
2012-08-05,167.00,comephore
2012-08-06,49.00,comephore
2012-08-07,0.00,comephore
2012-08-08,0.00,comephore
2012-08-09,0.00,comephore
2012-08-10,0.00,comephore
2012-08-11,0.00,comephore
2012-08-12,0.00,comephore
2012-08-13,0.00,comephore
2012-08-14,0.00,comephore
2012-08-15,217.00,comephore
2012-08-16,19.00,comephore
2012-08-17,0.00,comephore
2012-08-18,0.00,comephore
2012-08-19,0.00,comephore
2012-08-20,83.00,comephore
2012-08-21,4.00,comephore
2012-08-22,0.00,comephore
2012-08-23,423.00,comephore
2012-08-24,291.00,comephore
2012-08-25,51.00,comephore
2012-08-26,0.00,comephore
2012-08-27,0.00,comephore
2012-08-28,0.00,comephore
2012-08-29,26.00,comephore
2012-08-30,0.00,comephore
2012-08-31,41.00,comephore
2012-09-01,0.00,comephore
2012-09-02,0.00,comephore
2012-09-03,0.00,comephore
2012-09-04,0.00,comephore
2012-09-05,0.00,comephore
2012-09-06,0.00,comephore
2012-09-07,0.00,comephore
2012-09-08,0.00,comephore
2012-09-09,0.00,comephore
2012-09-10,0.00,comephore
2012-09-11,75.00,comephore
2012-09-12,63.00,comephore
2012-09-13,3.00,comephore
2012-09-14,0.00,comephore
2012-09-15,0.00,comephore
2012-09-16,0.00,comephore
2012-09-17,0.00,comephore
2012-09-18,64.00,comephore
2012-09-19,19.00,comephore
2012-09-20,0.00,comephore
2012-09-21,56.00,comephore
2012-09-22,132.00,comephore
2012-09-23,0.00,comephore
2012-09-24,172.00,comephore
2012-09-25,45.00,comephore
2012-09-26,536.00,comephore
2012-09-27,0.00,comephore
2012-09-28,0.00,comephore
2012-09-29,9.00,comephore
2012-09-30,5.00,comephore
2012-10-01,0.00,comephore
2012-10-02,0.00,comephore
2012-10-03,27.00,comephore
2012-10-04,1.00,comephore
2012-10-05,0.00,comephore
2012-10-06,20.00,comephore
2012-10-07,94.00,comephore
2012-10-08,165.00,comephore
2012-10-09,201.00,comephore
2012-10-10,72.00,comephore
2012-10-11,1.00,comephore
2012-10-12,22.00,comephore
2012-10-13,0.00,comephore
2012-10-14,50.00,comephore
2012-10-15,2.00,comephore
2012-10-16,36.00,comephore
2012-10-17,0.00,comephore
2012-10-18,0.00,comephore
2012-10-19,0.00,comephore
2012-10-20,0.00,comephore
2012-10-21,0.00,comephore
2012-10-22,0.00,comephore
2012-10-23,0.00,comephore
2012-10-24,0.00,comephore
2012-10-25,0.00,comephore
2012-10-26,29.00,comephore
2012-10-27,228.00,comephore
2012-10-28,0.00,comephore
2012-10-29,0.00,comephore
2012-10-30,0.00,comephore
2012-10-31,0.00,comephore
2012-11-01,0.00,comephore
2012-11-02,145.00,comephore
2012-11-03,2.00,comephore
2012-11-04,288.00,comephore
2012-11-05,66.00,comephore
2012-11-06,42.00,comephore
2012-11-07,0.00,comephore
2012-11-08,0.00,comephore
2012-11-09,2.00,comephore
2012-11-10,610.00,comephore
2012-11-11,0.00,comephore
2012-11-12,0.00,comephore
2012-11-13,0.00,comephore
2012-11-14,0.00,comephore
2012-11-15,0.00,comephore
2012-11-16,0.00,comephore
2012-11-17,0.00,comephore
2012-11-18,0.00,comephore
2012-11-19,0.00,comephore
2012-11-20,0.00,comephore
2012-11-21,19.00,comephore
2012-11-22,0.00,comephore
2012-11-23,0.00,comephore
2012-11-24,0.00,comephore
2012-11-25,12.00,comephore
2012-11-26,676.00,comephore
2012-11-27,61.00,comephore
2012-11-28,77.00,comephore
2012-11-29,35.00,comephore
2012-11-30,0.00,comephore
2012-12-01,0.00,comephore
2012-12-02,12.00,comephore
2012-12-03,104.00,comephore
2012-12-04,154.00,comephore
2012-12-05,22.00,comephore
2012-12-06,0.00,comephore
2012-12-07,27.00,comephore
2012-12-08,30.00,comephore
2012-12-09,0.00,comephore
2012-12-10,17.00,comephore
2012-12-11,8.00,comephore
2012-12-12,0.00,comephore
2012-12-13,122.00,comephore
2012-12-14,165.00,comephore
2012-12-15,150.00,comephore
2012-12-16,76.00,comephore
2012-12-17,91.00,comephore
2012-12-18,32.00,comephore
2012-12-19,0.00,comephore
2012-12-20,80.00,comephore
2012-12-21,46.00,comephore
2012-12-22,92.00,comephore
2012-12-23,1.00,comephore
2012-12-24,0.00,comephore
2012-12-25,82.00,comephore
2012-12-26,5.00,comephore
2012-12-27,160.00,comephore
2012-12-28,31.00,comephore
2012-12-29,0.00,comephore
2012-12-30,0.00,comephore
2012-12-31,0.00,comephore
2013-01-01,0.00,comephore
2013-01-02,0.00,comephore
2013-01-03,0.00,comephore
2013-01-04,6.00,comephore
2013-01-05,5.00,comephore
2013-01-06,0.00,comephore
2013-01-07,0.00,comephore
2013-01-08,0.00,comephore
2013-01-09,0.00,comephore
2013-01-10,144.00,comephore
2013-01-11,332.00,comephore
2013-01-12,6.00,comephore
2013-01-13,8.00,comephore
2013-01-14,0.00,comephore
2013-01-15,41.00,comephore
2013-01-16,0.00,comephore
2013-01-17,0.00,comephore
2013-01-18,0.00,comephore
2013-01-19,174.00,comephore
2013-01-20,47.00,comephore
2013-01-21,6.00,comephore
2013-01-22,14.00,comephore
2013-01-23,0.00,comephore
2013-01-24,0.00,comephore
2013-01-25,0.00,comephore
2013-01-26,0.00,comephore
2013-01-27,112.00,comephore
2013-01-28,42.00,comephore
2013-01-29,43.00,comephore
2013-01-30,19.00,comephore
2013-01-31,6.00,comephore
2013-02-01,0.00,comephore
2013-02-02,36.00,comephore
2013-02-03,0.00,comephore
2013-02-04,70.00,comephore
2013-02-05,117.00,comephore
2013-02-06,64.00,comephore
2013-02-07,51.00,comephore
2013-02-08,15.00,comephore
2013-02-09,9.00,comephore
2013-02-10,36.00,comephore
2013-02-11,99.00,comephore
2013-02-12,35.00,comephore
2013-02-13,0.00,comephore
2013-02-14,44.00,comephore
2013-02-15,28.00,comephore
2013-02-16,0.00,comephore
2013-02-17,0.00,comephore
2013-02-18,0.00,comephore
2013-02-19,0.00,comephore
2013-02-20,0.00,comephore
2013-02-21,0.00,comephore
2013-02-22,0.00,comephore
2013-02-23,0.00,comephore
2013-02-24,0.00,comephore
2013-02-25,0.00,comephore
2013-02-26,0.00,comephore
2013-02-27,0.00,comephore
2013-02-28,0.00,comephore
2013-03-01,0.00,comephore
2013-03-02,0.00,comephore
2013-03-03,0.00,comephore
2013-03-04,0.00,comephore
2013-03-05,1.00,comephore
2013-03-06,13.00,comephore
2013-03-07,1.00,comephore
2013-03-08,0.00,comephore
2013-03-09,0.00,comephore
2013-03-10,78.00,comephore
2013-03-11,42.00,comephore
2013-03-12,17.00,comephore
2013-03-13,0.00,comephore
2013-03-14,2.00,comephore
2013-03-15,0.00,comephore
2013-03-16,1.00,comephore
2013-03-17,150.00,comephore
2013-03-18,66.00,comephore
2013-03-19,10.00,comephore
2013-03-20,55.00,comephore
2013-03-21,0.00,comephore
2013-03-22,0.00,comephore
2013-03-23,39.00,comephore
2013-03-24,0.00,comephore
2013-03-25,0.00,comephore
2013-03-26,0.00,comephore
2013-03-27,0.00,comephore
2013-03-28,80.00,comephore
2013-03-29,43.00,comephore
2013-03-30,66.00,comephore
2013-03-31,3.00,comephore
2013-04-01,0.00,comephore
2013-04-02,0.00,comephore
2013-04-03,0.00,comephore
2013-04-04,0.00,comephore
2013-04-05,0.00,comephore
2013-04-06,0.00,comephore
2013-04-07,0.00,comephore
2013-04-08,50.00,comephore
2013-04-09,56.00,comephore
2013-04-10,26.00,comephore
2013-04-11,251.00,comephore
2013-04-12,185.00,comephore
2013-04-13,0.00,comephore
2013-04-14,0.00,comephore
2013-04-15,0.00,comephore
2013-04-16,0.00,comephore
2013-04-17,0.00,comephore
2013-04-18,7.00,comephore
2013-04-19,0.00,comephore
2013-04-20,43.00,comephore
2013-04-21,0.00,comephore
2013-04-22,0.00,comephore
2013-04-23,0.00,comephore
2013-04-24,0.00,comephore
2013-04-25,0.00,comephore
2013-04-26,214.00,comephore
2013-04-27,350.00,comephore
2013-04-28,10.00,comephore
2013-04-29,62.00,comephore
2013-04-30,65.00,comephore
2013-05-01,10.00,comephore
2013-05-02,0.00,comephore
2013-05-03,363.00,comephore
2013-05-04,63.00,comephore
2013-05-05,0.00,comephore
2013-05-06,0.00,comephore
2013-05-07,0.00,comephore
2013-05-08,39.00,comephore
2013-05-09,35.00,comephore
2013-05-10,61.00,comephore
2013-05-11,11.00,comephore
2013-05-12,17.00,comephore
2013-05-13,0.00,comephore
2013-05-14,1.00,comephore
2013-05-15,109.00,comephore
2013-05-16,206.00,comephore
2013-05-17,104.00,comephore
2013-05-18,35.00,comephore
2013-05-19,61.00,comephore
2013-05-20,87.00,comephore
2013-05-21,152.00,comephore
2013-05-22,46.00,comephore
2013-05-23,24.00,comephore
2013-05-24,11.00,comephore
2013-05-25,132.00,comephore
2013-05-26,2.00,comephore
2013-05-27,0.00,comephore
2013-05-28,38.00,comephore
2013-05-29,32.00,comephore
2013-05-30,47.00,comephore
2013-05-31,263.00,comephore
2013-06-01,0.00,comephore
2013-06-02,0.00,comephore
2013-06-03,0.00,comephore
2013-06-04,0.00,comephore
2013-06-05,0.00,comephore
2013-06-06,0.00,comephore
2013-06-07,0.00,comephore
2013-06-08,96.00,comephore
2013-06-09,118.00,comephore
2013-06-10,57.00,comephore
2013-06-11,0.00,comephore
2013-06-12,0.00,comephore
2013-06-13,271.00,comephore
2013-06-14,1.00,comephore
2013-06-15,0.00,comephore
2013-06-16,0.00,comephore
2013-06-17,0.00,comephore
2013-06-18,0.00,comephore
2013-06-19,0.00,comephore
2013-06-20,164.00,comephore
2013-06-21,0.00,comephore
2013-06-22,1.00,comephore
2013-06-23,8.00,comephore
2013-06-24,28.00,comephore
2013-06-25,2.00,comephore
2013-06-26,0.00,comephore
2013-06-27,6.00,comephore
2013-06-28,7.00,comephore
2013-06-29,209.00,comephore
2013-06-30,0.00,comephore
2013-07-01,0.00,comephore
2013-07-02,34.00,comephore
2013-07-03,194.00,comephore
2013-07-04,0.00,comephore
2013-07-05,0.00,comephore
2013-07-06,0.00,comephore
2013-07-07,0.00,comephore
2013-07-08,0.00,comephore
2013-07-09,0.00,comephore
2013-07-10,0.00,comephore
2013-07-11,0.00,comephore
2013-07-12,0.00,comephore
2013-07-13,0.00,comephore
2013-07-14,0.00,comephore
2013-07-15,0.00,comephore
2013-07-16,0.00,comephore
2013-07-17,0.00,comephore
2013-07-18,69.00,comephore
2013-07-19,130.00,comephore
2013-07-20,0.00,comephore
2013-07-21,0.00,comephore
2013-07-22,0.00,comephore
2013-07-23,0.00,comephore
2013-07-24,32.00,comephore
2013-07-25,0.00,comephore
2013-07-26,0.00,comephore
2013-07-27,1.00,comephore
2013-07-28,314.00,comephore
2013-07-29,73.00,comephore
2013-07-30,0.00,comephore
2013-07-31,0.00,comephore
2013-08-01,0.00,comephore
2013-08-02,0.00,comephore
2013-08-03,5.00,comephore
2013-08-04,8.00,comephore
2013-08-05,2.00,comephore
2013-08-06,14.00,comephore
2013-08-07,137.00,comephore
2013-08-08,37.00,comephore
2013-08-09,82.00,comephore
2013-08-10,0.00,comephore
2013-08-11,0.00,comephore
2013-08-12,0.00,comephore
2013-08-13,0.00,comephore
2013-08-14,0.00,comephore
2013-08-15,0.00,comephore
2013-08-16,0.00,comephore
2013-08-17,0.00,comephore
2013-08-18,0.00,comephore
2013-08-19,0.00,comephore
2013-08-20,0.00,comephore
2013-08-21,0.00,comephore
2013-08-22,0.00,comephore
2013-08-23,0.00,comephore
2013-08-24,212.00,comephore
2013-08-25,13.00,comephore
2013-08-26,0.00,comephore
2013-08-27,50.00,comephore
2013-08-28,0.00,comephore
2013-08-29,0.00,comephore
2013-08-30,0.00,comephore
2013-08-31,0.00,comephore
2013-09-01,0.00,comephore
2013-09-02,0.00,comephore
2013-09-03,0.00,comephore
2013-09-04,0.00,comephore
2013-09-05,0.00,comephore
2013-09-06,2.00,comephore
2013-09-07,142.00,comephore
2013-09-08,69.00,comephore
2013-09-09,0.00,comephore
2013-09-10,47.00,comephore
2013-09-11,4.00,comephore
2013-09-12,40.00,comephore
2013-09-13,3.00,comephore
2013-09-14,86.00,comephore
2013-09-15,245.00,comephore
2013-09-16,60.00,comephore
2013-09-17,11.00,comephore
2013-09-18,86.00,comephore
2013-09-19,0.00,comephore
2013-09-20,6.00,comephore
2013-09-21,0.00,comephore
2013-09-22,0.00,comephore
2013-09-23,0.00,comephore
2013-09-24,0.00,comephore
2013-09-25,0.00,comephore
2013-09-26,0.00,comephore
2013-09-27,0.00,comephore
2013-09-28,10.00,comephore
2013-09-29,171.00,comephore
2013-09-30,149.00,comephore
2013-10-01,0.00,comephore
2013-10-02,0.00,comephore
2013-10-03,0.00,comephore
2013-10-04,169.00,comephore
2013-10-05,120.00,comephore
2013-10-06,14.00,comephore
2013-10-07,0.00,comephore
2013-10-08,0.00,comephore
2013-10-09,0.00,comephore
2013-10-10,139.00,comephore
2013-10-11,113.00,comephore
2013-10-12,76.00,comephore
2013-10-13,24.00,comephore
2013-10-14,13.00,comephore
2013-10-15,71.00,comephore
2013-10-16,60.00,comephore
2013-10-17,0.00,comephore
2013-10-18,0.00,comephore
2013-10-19,0.00,comephore
2013-10-20,50.00,comephore
2013-10-21,2.00,comephore
2013-10-22,0.00,comephore
2013-10-23,341.00,comephore
2013-10-24,0.00,comephore
2013-10-25,0.00,comephore
2013-10-26,0.00,comephore
2013-10-27,235.00,comephore
2013-10-28,126.00,comephore
2013-10-29,11.00,comephore
2013-10-30,8.00,comephore
2013-10-31,0.00,comephore
2013-11-01,0.00,comephore
2013-11-02,156.00,comephore
2013-11-03,112.00,comephore
2013-11-04,136.00,comephore
2013-11-05,45.00,comephore
2013-11-06,36.00,comephore
2013-11-07,0.00,comephore
2013-11-08,135.00,comephore
2013-11-09,43.00,comephore
2013-11-10,222.00,comephore
2013-11-11,0.00,comephore
2013-11-12,1.00,comephore
2013-11-13,0.00,comephore
2013-11-14,71.00,comephore
2013-11-15,3.00,comephore
2013-11-16,0.00,comephore
2013-11-17,0.00,comephore
2013-11-18,0.00,comephore
2013-11-19,145.00,comephore
2013-11-20,125.00,comephore
2013-11-21,68.00,comephore
2013-11-22,114.00,comephore
2013-11-23,0.00,comephore
2013-11-24,0.00,comephore
2013-11-25,0.00,comephore
2013-11-26,0.00,comephore
2013-11-27,0.00,comephore
2013-11-28,0.00,comephore
2013-11-29,4.00,comephore
2013-11-30,88.00,comephore
2013-12-01,0.00,comephore
2013-12-02,0.00,comephore
2013-12-03,0.00,comephore
2013-12-04,0.00,comephore
2013-12-05,0.00,comephore
2013-12-06,15.00,comephore
2013-12-07,0.00,comephore
2013-12-08,0.00,comephore
2013-12-09,0.00,comephore
2013-12-10,0.00,comephore
2013-12-11,0.00,comephore
2013-12-12,0.00,comephore
2013-12-13,0.00,comephore
2013-12-14,47.00,comephore
2013-12-15,0.00,comephore
2013-12-16,0.00,comephore
2013-12-17,0.00,comephore
2013-12-18,10.00,comephore
2013-12-19,240.00,comephore
2013-12-20,10.00,comephore
2013-12-21,0.00,comephore
2013-12-22,25.00,comephore
2013-12-23,2.00,comephore
2013-12-24,26.00,comephore
2013-12-25,372.00,comephore
2013-12-26,67.00,comephore
2013-12-27,0.00,comephore
2013-12-28,282.00,comephore
2013-12-29,10.00,comephore
2013-12-30,0.00,comephore
2013-12-31,1.00,comephore
2014-01-01,8.00,comephore
2014-01-02,148.00,comephore
2014-01-03,73.00,comephore
2014-01-04,151.00,comephore
2014-01-05,20.00,comephore
2014-01-06,0.00,comephore
2014-01-07,0.00,comephore
2014-01-08,0.00,comephore
2014-01-09,0.00,comephore
2014-01-10,0.00,comephore
2014-01-11,2.00,comephore
2014-01-12,0.00,comephore
2014-01-13,34.00,comephore
2014-01-14,19.00,comephore
2014-01-15,3.00,comephore
2014-01-16,120.00,comephore
2014-01-17,0.00,comephore
2014-01-18,11.00,comephore
2014-01-19,25.00,comephore
2014-01-20,128.00,comephore
2014-01-21,19.00,comephore
2014-01-22,3.00,comephore
2014-01-23,49.00,comephore
2014-01-24,21.00,comephore
2014-01-25,0.00,comephore
2014-01-26,30.00,comephore
2014-01-27,49.00,comephore
2014-01-28,4.00,comephore
2014-01-29,2.00,comephore
2014-01-30,9.00,comephore
2014-01-31,0.00,comephore
2014-02-01,0.00,comephore
2014-02-02,20.00,comephore
2014-02-03,0.00,comephore
2014-02-04,3.00,comephore
2014-02-05,21.00,comephore
2014-02-06,0.00,comephore
2014-02-07,106.00,comephore
2014-02-08,75.00,comephore
2014-02-09,6.00,comephore
2014-02-10,293.00,comephore
2014-02-11,3.00,comephore
2014-02-12,12.00,comephore
2014-02-13,57.00,comephore
2014-02-14,4.00,comephore
2014-02-15,312.00,comephore
2014-02-16,0.00,comephore
2014-02-17,0.00,comephore
2014-02-18,0.00,comephore
2014-02-19,2.00,comephore
2014-02-20,7.00,comephore
2014-02-21,69.00,comephore
2014-02-22,36.00,comephore
2014-02-23,3.00,comephore
2014-02-24,0.00,comephore
2014-02-25,26.00,comephore
2014-02-26,101.00,comephore
2014-02-27,32.00,comephore
2014-02-28,61.00,comephore
2014-03-01,0.00,comephore
2014-03-02,0.00,comephore
2014-03-03,79.00,comephore
2014-03-04,0.00,comephore
2014-03-05,0.00,comephore
2014-03-06,0.00,comephore
2014-03-07,0.00,comephore
2014-03-08,0.00,comephore
2014-03-09,0.00,comephore
2014-03-10,0.00,comephore
2014-03-11,0.00,comephore
2014-03-12,0.00,comephore
2014-03-13,0.00,comephore
2014-03-14,0.00,comephore
2014-03-15,0.00,comephore
2014-03-16,0.00,comephore
2014-03-17,0.00,comephore
2014-03-18,0.00,comephore
2014-03-19,0.00,comephore
2014-03-20,0.00,comephore
2014-03-21,23.00,comephore
2014-03-22,168.00,comephore
2014-03-23,34.00,comephore
2014-03-24,4.00,comephore
2014-03-25,0.00,comephore
2014-03-26,0.00,comephore
2014-03-27,0.00,comephore
2014-03-28,0.00,comephore
2014-03-29,0.00,comephore
2014-03-30,0.00,comephore
2014-03-31,0.00,comephore
2014-04-01,0.00,comephore
2014-04-02,0.00,comephore
2014-04-03,0.00,comephore
2014-04-04,0.00,comephore
2014-04-05,0.00,comephore
2014-04-06,0.00,comephore
2014-04-07,0.00,comephore
2014-04-08,51.00,comephore
2014-04-09,0.00,comephore
2014-04-10,0.00,comephore
2014-04-11,0.00,comephore
2014-04-12,0.00,comephore
2014-04-13,0.00,comephore
2014-04-14,0.00,comephore
2014-04-15,0.00,comephore
2014-04-16,0.00,comephore
2014-04-17,0.00,comephore
2014-04-18,7.00,comephore
2014-04-19,0.00,comephore
2014-04-20,7.00,comephore
2014-04-21,78.00,comephore
2014-04-22,0.00,comephore
2014-04-23,0.00,comephore
2014-04-24,0.00,comephore
2014-04-25,0.00,comephore
2014-04-26,9.00,comephore
2014-04-27,4.00,comephore
2014-04-28,3.00,comephore
2014-04-29,46.00,comephore
2014-04-30,67.00,comephore
2014-05-01,0.00,comephore
2014-05-02,259.00,comephore
2014-05-03,0.00,comephore
2014-05-04,0.00,comephore
2014-05-05,0.00,comephore
2014-05-06,8.00,comephore
2014-05-07,23.00,comephore
2014-05-08,6.00,comephore
2014-05-09,3.00,comephore
2014-05-10,3.00,comephore
2014-05-11,67.00,comephore
2014-05-12,17.00,comephore
2014-05-13,86.00,comephore
2014-05-14,10.00,comephore
2014-05-15,0.00,comephore
2014-05-16,0.00,comephore
2014-05-17,0.00,comephore
2014-05-18,0.00,comephore
2014-05-19,0.00,comephore
2014-05-20,0.00,comephore
2014-05-21,0.00,comephore
2014-05-22,26.00,comephore
2014-05-23,22.00,comephore
2014-05-24,0.00,comephore
2014-05-25,0.00,comephore
2014-05-26,72.00,comephore
2014-05-27,92.00,comephore
2014-05-28,0.00,comephore
2014-05-29,0.00,comephore
2014-05-30,0.00,comephore
2014-05-31,0.00,comephore
2014-06-01,0.00,comephore
2014-06-02,0.00,comephore
2014-06-03,0.00,comephore
2014-06-04,99.00,comephore
2014-06-05,0.00,comephore
2014-06-06,0.00,comephore
2014-06-07,0.00,comephore
2014-06-08,0.00,comephore
2014-06-09,0.00,comephore
2014-06-10,50.00,comephore
2014-06-11,0.00,comephore
2014-06-12,0.00,comephore
2014-06-13,0.00,comephore
2014-06-14,0.00,comephore
2014-06-15,0.00,comephore
2014-06-16,0.00,comephore
2014-06-17,0.00,comephore
2014-06-18,50.00,comephore
2014-06-19,0.00,comephore
2014-06-20,0.00,comephore
2014-06-21,0.00,comephore
2014-06-22,29.00,comephore
2014-06-23,17.00,comephore
2014-06-24,4.00,comephore
2014-06-25,0.00,comephore
2014-06-26,0.00,comephore
2014-06-27,0.00,comephore
2014-06-28,300.00,comephore
2014-06-29,44.00,comephore
2014-06-30,0.00,comephore
2014-07-01,0.00,comephore
2014-07-02,16.00,comephore
2014-07-03,0.00,comephore
2014-07-04,89.00,comephore
2014-07-05,36.00,comephore
2014-07-06,41.00,comephore
2014-07-07,83.00,comephore
2014-07-08,45.00,comephore
2014-07-09,111.00,comephore
2014-07-10,153.00,comephore
2014-07-11,33.00,comephore
2014-07-12,1.00,comephore
2014-07-13,114.00,comephore
2014-07-14,19.00,comephore
2014-07-15,0.00,comephore
2014-07-16,0.00,comephore
2014-07-17,0.00,comephore
2014-07-18,0.00,comephore
2014-07-19,0.00,comephore
2014-07-20,78.00,comephore
2014-07-21,310.00,comephore
2014-07-22,133.00,comephore
2014-07-23,1.00,comephore
2014-07-24,0.00,comephore
2014-07-25,2.00,comephore
2014-07-26,28.00,comephore
2014-07-27,0.00,comephore
2014-07-28,184.00,comephore
2014-07-29,226.00,comephore
2014-07-30,160.00,comephore
2014-07-31,0.00,comephore
2014-08-01,0.00,comephore
2014-08-02,18.00,comephore
2014-08-03,19.00,comephore
2014-08-04,15.00,comephore
2014-08-05,0.00,comephore
2014-08-06,0.00,comephore
2014-08-07,15.00,comephore
2014-08-08,35.00,comephore
2014-08-09,192.00,comephore
2014-08-10,217.00,comephore
2014-08-11,0.00,comephore
2014-08-12,0.00,comephore
2014-08-13,129.00,comephore
2014-08-14,75.00,comephore
2014-08-15,106.00,comephore
2014-08-16,0.00,comephore
2014-08-17,0.00,comephore
2014-08-18,0.00,comephore
2014-08-19,0.00,comephore
2014-08-20,0.00,comephore
2014-08-21,0.00,comephore
2014-08-22,0.00,comephore
2014-08-23,56.00,comephore
2014-08-24,0.00,comephore
2014-08-25,10.00,comephore
2014-08-26,245.00,comephore
2014-08-27,0.00,comephore
2014-08-28,0.00,comephore
2014-08-29,19.00,comephore
2014-08-30,0.00,comephore
2014-08-31,24.00,comephore
2014-09-01,0.00,comephore
2014-09-02,0.00,comephore
2014-09-03,0.00,comephore
2014-09-04,0.00,comephore
2014-09-05,0.00,comephore
2014-09-06,0.00,comephore
2014-09-07,0.00,comephore
2014-09-08,0.00,comephore
2014-09-09,265.00,comephore
2014-09-10,0.00,comephore
2014-09-11,2.00,comephore
2014-09-12,0.00,comephore
2014-09-13,0.00,comephore
2014-09-14,0.00,comephore
2014-09-15,1.00,comephore
2014-09-16,0.00,comephore
2014-09-17,0.00,comephore
2014-09-18,15.00,comephore
2014-09-19,114.00,comephore
2014-09-20,0.00,comephore
2014-09-21,17.00,comephore
2014-09-22,0.00,comephore
2014-09-23,0.00,comephore
2014-09-24,38.00,comephore
2014-09-25,6.00,comephore
2014-09-26,0.00,comephore
2014-09-27,0.00,comephore
2014-09-28,0.00,comephore
2014-09-29,0.00,comephore
2014-09-30,0.00,comephore
2014-10-01,0.00,comephore
2014-10-02,0.00,comephore
2014-10-03,0.00,comephore
2014-10-04,0.00,comephore
2014-10-05,70.00,comephore
2014-10-06,6.00,comephore
2014-10-07,108.00,comephore
2014-10-08,20.00,comephore
2014-10-09,152.00,comephore
2014-10-10,419.00,comephore
2014-10-11,38.00,comephore
2014-10-12,29.00,comephore
2014-10-13,89.00,comephore
2014-10-14,0.00,comephore
2014-10-15,3.00,comephore
2014-10-16,72.00,comephore
2014-10-17,16.00,comephore
2014-10-18,0.00,comephore
2014-10-19,0.00,comephore
2014-10-20,12.00,comephore
2014-10-21,76.00,comephore
2014-10-22,12.00,comephore
2014-10-23,0.00,comephore
2014-10-24,0.00,comephore
2014-10-25,0.00,comephore
2014-10-26,0.00,comephore
2014-10-27,0.00,comephore
2014-10-28,0.00,comephore
2014-10-29,0.00,comephore
2014-10-30,0.00,comephore
2014-10-31,0.00,comephore
2014-11-01,0.00,comephore
2014-11-02,0.00,comephore
2014-11-03,72.00,comephore
2014-11-04,543.00,comephore
2014-11-05,26.00,comephore
2014-11-06,0.00,comephore
2014-11-07,22.00,comephore
2014-11-08,0.00,comephore
2014-11-09,223.00,comephore
2014-11-10,10.00,comephore
2014-11-11,8.00,comephore
2014-11-12,38.00,comephore
2014-11-13,0.00,comephore
2014-11-14,117.00,comephore
2014-11-15,176.00,comephore
2014-11-16,13.00,comephore
2014-11-17,19.00,comephore
2014-11-18,21.00,comephore
2014-11-19,0.00,comephore
2014-11-20,0.00,comephore
2014-11-21,0.00,comephore
2014-11-22,0.00,comephore
2014-11-23,0.00,comephore
2014-11-24,0.00,comephore
2014-11-25,12.00,comephore
2014-11-26,39.00,comephore
2014-11-27,79.00,comephore
2014-11-28,0.00,comephore
2014-11-29,0.00,comephore
2014-11-30,0.00,comephore
2014-12-01,0.00,comephore
2014-12-02,44.00,comephore
2014-12-03,0.00,comephore
2014-12-04,87.00,comephore
2014-12-05,3.00,comephore
2014-12-06,0.00,comephore
2014-12-07,0.00,comephore
2014-12-08,117.00,comephore
2014-12-09,0.00,comephore
2014-12-10,45.00,comephore
2014-12-11,53.00,comephore
2014-12-12,2.00,comephore
2014-12-13,16.00,comephore
2014-12-14,17.00,comephore
2014-12-15,7.00,comephore
2014-12-16,14.00,comephore
2014-12-17,193.00,comephore
2014-12-18,140.00,comephore
2014-12-19,19.00,comephore
2014-12-20,14.00,comephore
2014-12-21,0.00,comephore
2014-12-22,2.00,comephore
2014-12-23,0.00,comephore
2014-12-24,0.00,comephore
2014-12-25,32.00,comephore
2014-12-26,0.00,comephore
2014-12-27,95.00,comephore
2014-12-28,19.00,comephore
2014-12-29,18.00,comephore
2014-12-30,0.00,comephore
2014-12-31,0.00,comephore
2015-01-01,0.00,comephore
2015-01-02,65.00,comephore
2015-01-03,41.00,comephore
2015-01-04,30.00,comephore
2015-01-05,0.00,comephore
2015-01-06,0.00,comephore
2015-01-07,0.00,comephore
2015-01-08,14.00,comephore
2015-01-09,12.00,comephore
2015-01-10,8.00,comephore
2015-01-11,87.00,comephore
2015-01-12,0.00,comephore
2015-01-13,1.00,comephore
2015-01-14,42.00,comephore
2015-01-15,0.00,comephore
2015-01-16,406.00,comephore
2015-01-17,35.00,comephore
2015-01-18,0.00,comephore
2015-01-19,69.00,comephore
2015-01-20,9.00,comephore
2015-01-21,8.00,comephore
2015-01-22,4.00,comephore
2015-01-23,0.00,comephore
2015-01-24,19.00,comephore
2015-01-25,0.00,comephore
2015-01-26,123.00,comephore
2015-01-27,18.00,comephore
2015-01-28,14.00,comephore
2015-01-29,127.00,comephore
2015-01-30,53.00,comephore
2015-01-31,17.00,comephore
2015-02-01,23.00,comephore
2015-02-02,42.00,comephore
2015-02-03,0.00,comephore
2015-02-04,0.00,comephore
2015-02-05,0.00,comephore
2015-02-06,0.00,comephore
2015-02-07,0.00,comephore
2015-02-08,0.00,comephore
2015-02-09,0.00,comephore
2015-02-10,0.00,comephore
2015-02-11,0.00,comephore
2015-02-12,0.00,comephore
2015-02-13,0.00,comephore
2015-02-14,70.00,comephore
2015-02-15,13.00,comephore
2015-02-16,0.00,comephore
2015-02-17,0.00,comephore
2015-02-18,0.00,comephore
2015-02-19,0.00,comephore
2015-02-20,5.00,comephore
2015-02-21,176.00,comephore
2015-02-22,0.00,comephore
2015-02-23,63.00,comephore
2015-02-24,41.00,comephore
2015-02-25,0.00,comephore
2015-02-26,0.00,comephore
2015-02-27,159.00,comephore
2015-02-28,0.00,comephore
2015-03-01,0.00,comephore
2015-03-02,7.00,comephore
2015-03-03,1.00,comephore
2015-03-04,31.00,comephore
2015-03-05,0.00,comephore
2015-03-06,0.00,comephore
2015-03-07,0.00,comephore
2015-03-08,0.00,comephore
2015-03-09,0.00,comephore
2015-03-10,0.00,comephore
2015-03-11,0.00,comephore
2015-03-12,0.00,comephore
2015-03-13,0.00,comephore
2015-03-14,0.00,comephore
2015-03-15,0.00,comephore
2015-03-16,0.00,comephore
2015-03-17,0.00,comephore
2015-03-18,0.00,comephore
2015-03-19,0.00,comephore
2015-03-20,0.00,comephore
2015-03-21,37.00,comephore
2015-03-22,0.00,comephore
2015-03-23,0.00,comephore
2015-03-24,16.00,comephore
2015-03-25,116.00,comephore
2015-03-26,3.00,comephore
2015-03-27,3.00,comephore
2015-03-28,13.00,comephore
2015-03-29,167.00,comephore
2015-03-30,36.00,comephore
2015-03-31,28.00,comephore
2015-04-01,0.00,comephore
2015-04-02,44.00,comephore
2015-04-03,30.00,comephore
2015-04-04,154.00,comephore
2015-04-05,0.00,comephore
2015-04-06,0.00,comephore
2015-04-07,0.00,comephore
2015-04-08,0.00,comephore
2015-04-09,0.00,comephore
2015-04-10,0.00,comephore
2015-04-11,11.00,comephore
2015-04-12,0.00,comephore
2015-04-13,0.00,comephore
2015-04-14,0.00,comephore
2015-04-15,0.00,comephore
2015-04-16,0.00,comephore
2015-04-17,398.00,comephore
2015-04-18,3.00,comephore
2015-04-19,0.00,comephore
2015-04-20,0.00,comephore
2015-04-21,0.00,comephore
2015-04-22,0.00,comephore
2015-04-23,0.00,comephore
2015-04-24,0.00,comephore
2015-04-25,56.00,comephore
2015-04-26,3.00,comephore
2015-04-27,117.00,comephore
2015-04-28,8.00,comephore
2015-04-29,0.00,comephore
2015-04-30,83.00,comephore
2015-05-01,18.00,comephore
2015-05-02,29.00,comephore
2015-05-03,214.00,comephore
2015-05-04,38.00,comephore
2015-05-05,13.00,comephore
2015-05-06,0.00,comephore
2015-05-07,0.00,comephore
2015-05-08,16.00,comephore
2015-05-09,0.00,comephore
2015-05-10,0.00,comephore
2015-05-11,0.00,comephore
2015-05-12,0.00,comephore
2015-05-13,0.00,comephore
2015-05-14,24.00,comephore
2015-05-15,74.00,comephore
2015-05-16,0.00,comephore
2015-05-17,0.00,comephore
2015-05-18,0.00,comephore
2015-05-19,5.00,comephore
2015-05-20,13.00,comephore
2015-05-21,0.00,comephore
2015-05-22,0.00,comephore
2015-05-23,0.00,comephore
2015-05-24,0.00,comephore
2015-05-25,37.00,comephore
2015-05-26,6.00,comephore
2015-05-27,0.00,comephore
2015-05-28,0.00,comephore
2015-05-29,0.00,comephore
2015-05-30,0.00,comephore
2015-05-31,0.00,comephore
2015-06-01,0.00,comephore
2015-06-02,0.00,comephore
2015-06-03,0.00,comephore
2015-06-04,0.00,comephore
2015-06-05,0.00,comephore
2015-06-06,0.00,comephore
2015-06-07,0.00,comephore
2015-06-08,0.00,comephore
2015-06-09,0.00,comephore
2015-06-10,0.00,comephore
2015-06-11,0.00,comephore
2015-06-12,85.00,comephore
2015-06-13,26.00,comephore
2015-06-14,48.00,comephore
2015-06-15,50.00,comephore
2015-06-16,2.00,comephore
2015-06-17,0.00,comephore
2015-06-18,66.00,comephore
2015-06-19,13.00,comephore
2015-06-20,1.00,comephore
2015-06-21,4.00,comephore
2015-06-22,0.00,comephore
2015-06-23,78.00,comephore
2015-06-24,0.00,comephore
2015-06-25,0.00,comephore
2015-06-26,0.00,comephore
2015-06-27,0.00,comephore
2015-06-28,0.00,comephore
2015-06-29,0.00,comephore
2015-06-30,0.00,comephore
2015-07-01,0.00,comephore
2015-07-02,0.00,comephore
2015-07-03,0.00,comephore
2015-07-04,0.00,comephore
2015-07-05,0.00,comephore
2015-07-06,0.00,comephore
2015-07-07,0.00,comephore
2015-07-08,4.00,comephore
2015-07-09,0.00,comephore
2015-07-10,0.00,comephore
2015-07-11,0.00,comephore
2015-07-12,0.00,comephore
2015-07-13,0.00,comephore
2015-07-14,0.00,comephore
2015-07-15,0.00,comephore
2015-07-16,0.00,comephore
2015-07-17,1.00,comephore
2015-07-18,73.00,comephore
2015-07-19,57.00,comephore
2015-07-20,0.00,comephore
2015-07-21,0.00,comephore
2015-07-22,340.00,comephore
2015-07-23,1.00,comephore
2015-07-24,0.00,comephore
2015-07-25,0.00,comephore
2015-07-26,27.00,comephore
2015-07-27,2.00,comephore
2015-07-28,2.00,comephore
2015-07-29,48.00,comephore
2015-07-30,0.00,comephore
2015-07-31,0.00,comephore
2015-08-01,0.00,comephore
2015-08-02,0.00,comephore
2015-08-03,0.00,comephore
2015-08-04,103.00,comephore
2015-08-05,0.00,comephore
2015-08-06,0.00,comephore
2015-08-07,0.00,comephore
2015-08-08,196.00,comephore
2015-08-09,187.00,comephore
2015-08-10,15.00,comephore
2015-08-11,0.00,comephore
2015-08-12,0.00,comephore
2015-08-13,0.00,comephore
2015-08-14,137.00,comephore
2015-08-15,35.00,comephore
2015-08-16,0.00,comephore
2015-08-17,0.00,comephore
2015-08-18,0.00,comephore
2015-08-19,0.00,comephore
2015-08-20,0.00,comephore
2015-08-21,0.00,comephore
2015-08-22,0.00,comephore
2015-08-23,87.00,comephore
2015-08-24,59.00,comephore
2015-08-25,0.00,comephore
2015-08-26,0.00,comephore
2015-08-27,0.00,comephore
2015-08-28,0.00,comephore
2015-08-29,0.00,comephore
2015-08-30,0.00,comephore
2015-08-31,0.00,comephore
2015-09-01,0.00,comephore
2015-09-02,0.00,comephore
2015-09-03,0.00,comephore
2015-09-04,0.00,comephore
2015-09-05,0.00,comephore
2015-09-06,3.00,comephore
2015-09-07,0.00,comephore
2015-09-08,0.00,comephore
2015-09-09,0.00,comephore
2015-09-10,0.00,comephore
2015-09-11,23.00,comephore
2015-09-12,80.00,comephore
2015-09-13,383.00,comephore
2015-09-14,53.00,comephore
2015-09-15,13.00,comephore
2015-09-16,104.00,comephore
2015-09-17,622.00,comephore
2015-09-18,25.00,comephore
2015-09-19,20.00,comephore
2015-09-20,0.00,comephore
2015-09-21,0.00,comephore
2015-09-22,70.00,comephore
2015-09-23,2.00,comephore
2015-09-24,0.00,comephore
2015-09-25,0.00,comephore
2015-09-26,0.00,comephore
2015-09-27,0.00,comephore
2015-09-28,0.00,comephore
2015-09-29,0.00,comephore
2015-09-30,0.00,comephore
2015-10-01,0.00,comephore
2015-10-02,0.00,comephore
2015-10-03,84.00,comephore
2015-10-04,0.00,comephore
2015-10-05,14.00,comephore
2015-10-06,124.00,comephore
2015-10-07,0.00,comephore
2015-10-08,0.00,comephore
2015-10-09,0.00,comephore
2015-10-10,0.00,comephore
2015-10-11,0.00,comephore
2015-10-12,0.00,comephore
2015-10-13,0.00,comephore
2015-10-14,2.00,comephore
2015-10-15,32.00,comephore
2015-10-16,0.00,comephore
2015-10-17,0.00,comephore
2015-10-18,0.00,comephore
2015-10-19,0.00,comephore
2015-10-20,0.00,comephore
2015-10-21,0.00,comephore
2015-10-22,0.00,comephore
2015-10-23,0.00,comephore
2015-10-24,0.00,comephore
2015-10-25,0.00,comephore
2015-10-26,0.00,comephore
2015-10-27,26.00,comephore
2015-10-28,247.00,comephore
2015-10-29,0.00,comephore
2015-10-30,0.00,comephore
2015-10-31,0.00,comephore
2015-11-01,0.00,comephore
2015-11-02,2.00,comephore
2015-11-03,10.00,comephore
2015-11-04,0.00,comephore
2015-11-05,0.00,comephore
2015-11-06,0.00,comephore
2015-11-07,0.00,comephore
2015-11-08,0.00,comephore
2015-11-09,0.00,comephore
2015-11-10,0.00,comephore
2015-11-11,0.00,comephore
2015-11-12,0.00,comephore
2015-11-13,0.00,comephore
2015-11-14,0.00,comephore
2015-11-15,0.00,comephore
2015-11-16,0.00,comephore
2015-11-17,4.00,comephore
2015-11-18,10.00,comephore
2015-11-19,23.00,comephore
2015-11-20,232.00,comephore
2015-11-21,127.00,comephore
2015-11-22,11.00,comephore
2015-11-23,6.00,comephore
2015-11-24,6.00,comephore
2015-11-25,144.00,comephore
2015-11-26,5.00,comephore
2015-11-27,0.00,comephore
2015-11-28,27.00,comephore
2015-11-29,24.00,comephore
2015-11-30,6.00,comephore
2015-12-01,0.00,comephore
2015-12-02,0.00,comephore
2015-12-03,0.00,comephore
2015-12-04,0.00,comephore
2015-12-05,0.00,comephore
2015-12-06,0.00,comephore
2015-12-07,0.00,comephore
2015-12-08,14.00,comephore
2015-12-09,25.00,comephore
2015-12-10,0.00,comephore
2015-12-11,0.00,comephore
2015-12-12,0.00,comephore
2015-12-13,0.00,comephore
2015-12-14,0.00,comephore
2015-12-15,56.00,comephore
2015-12-16,34.00,comephore
2015-12-17,0.00,comephore
2015-12-18,0.00,comephore
2015-12-19,0.00,comephore
2015-12-20,0.00,comephore
2015-12-21,82.00,comephore
2015-12-22,0.00,comephore
2015-12-23,5.00,comephore
2015-12-24,0.00,comephore
2015-12-25,0.00,comephore
2015-12-26,0.00,comephore
2015-12-27,0.00,comephore
2015-12-28,0.00,comephore
2015-12-29,3.00,comephore
2015-12-30,0.00,comephore
2015-12-31,34.00,comephore
2016-01-01,0.00,comephore
2016-01-02,170.00,comephore
2016-01-03,87.00,comephore
2016-01-04,23.00,comephore
2016-01-05,13.00,comephore
2016-01-06,48.00,comephore
2016-01-07,51.00,comephore
2016-01-08,123.00,comephore
2016-01-09,76.00,comephore
2016-01-10,148.00,comephore
2016-01-11,103.00,comephore
2016-01-12,30.00,comephore
2016-01-13,3.00,comephore
2016-01-14,9.00,comephore
2016-01-15,0.00,comephore
2016-01-16,32.00,comephore
2016-01-17,3.00,comephore
2016-01-18,8.00,comephore
2016-01-19,45.00,comephore
2016-01-20,16.00,comephore
2016-01-21,0.00,comephore
2016-01-22,15.00,comephore
2016-01-23,27.00,comephore
2016-01-24,0.00,comephore
2016-01-25,0.00,comephore
2016-01-26,0.00,comephore
2016-01-27,0.00,comephore
2016-01-28,9.00,comephore
2016-01-29,20.00,comephore
2016-01-30,30.00,comephore
2016-01-31,179.00,comephore
2016-02-01,0.00,comephore
2016-02-02,1.00,comephore
2016-02-03,114.00,comephore
2016-02-04,23.00,comephore
2016-02-05,9.00,comephore
2016-02-06,0.00,comephore
2016-02-07,222.00,comephore
2016-02-08,35.00,comephore
2016-02-09,154.00,comephore
2016-02-10,7.00,comephore
2016-02-11,1.00,comephore
2016-02-12,106.00,comephore
2016-02-13,117.00,comephore
2016-02-14,211.00,comephore
2016-02-15,7.00,comephore
2016-02-16,0.00,comephore
2016-02-17,0.00,comephore
2016-02-18,5.00,comephore
2016-02-19,11.00,comephore
2016-02-20,10.00,comephore
2016-02-21,0.00,comephore
2016-02-22,0.00,comephore
2016-02-23,120.00,comephore
2016-02-24,56.00,comephore
2016-02-25,56.00,comephore
2016-02-26,0.00,comephore
2016-02-27,0.00,comephore
2016-02-28,0.00,comephore
2016-02-29,2.00,comephore
2016-03-01,0.00,comephore
2016-03-02,77.00,comephore
2016-03-03,61.00,comephore
2016-03-04,207.00,comephore
2016-03-05,111.00,comephore
2016-03-06,50.00,comephore
2016-03-07,68.00,comephore
2016-03-08,11.00,comephore
2016-03-09,29.00,comephore
2016-03-10,0.00,comephore
2016-03-11,0.00,comephore
2016-03-12,0.00,comephore
2016-03-13,0.00,comephore
2016-03-14,0.00,comephore
2016-03-15,0.00,comephore
2016-03-16,11.00,comephore
2016-03-17,0.00,comephore
2016-03-18,0.00,comephore
2016-03-19,0.00,comephore
2016-03-20,0.00,comephore
2016-03-21,0.00,comephore
2016-03-22,0.00,comephore
2016-03-23,0.00,comephore
2016-03-24,0.00,comephore
2016-03-25,40.00,comephore
2016-03-26,0.00,comephore
2016-03-27,47.00,comephore
2016-03-28,21.00,comephore
2016-03-29,0.00,comephore
2016-03-30,10.00,comephore
2016-03-31,6.00,comephore
2016-04-01,5.00,comephore
2016-04-02,0.00,comephore
2016-04-03,11.00,comephore
2016-04-04,3.00,comephore
2016-04-05,302.00,comephore
2016-04-06,0.00,comephore
2016-04-07,3.00,comephore
2016-04-08,0.00,comephore
2016-04-09,0.00,comephore
2016-04-10,0.00,comephore
2016-04-11,20.00,comephore
2016-04-12,79.00,comephore
2016-04-13,117.00,comephore
2016-04-14,2.00,comephore
2016-04-15,288.00,comephore
2016-04-16,422.00,comephore
2016-04-17,153.00,comephore
2016-04-18,17.00,comephore
2016-04-19,0.00,comephore
2016-04-20,0.00,comephore
2016-04-21,0.00,comephore
2016-04-22,201.00,comephore
2016-04-23,137.00,comephore
2016-04-24,25.00,comephore
2016-04-25,3.00,comephore
2016-04-26,56.00,comephore
2016-04-27,0.00,comephore
2016-04-28,0.00,comephore
2016-04-29,0.00,comephore
2016-04-30,65.00,comephore
2016-05-01,12.00,comephore
2016-05-02,0.00,comephore
2016-05-03,30.00,comephore
2016-05-04,0.00,comephore
2016-05-05,0.00,comephore
2016-05-06,0.00,comephore
2016-05-07,0.00,comephore
2016-05-08,2.00,comephore
2016-05-09,22.00,comephore
2016-05-10,114.00,comephore
2016-05-11,213.00,comephore
2016-05-12,76.00,comephore
2016-05-13,239.00,comephore
2016-05-14,8.00,comephore
2016-05-15,0.00,comephore
2016-05-16,0.00,comephore
2016-05-17,0.00,comephore
2016-05-18,102.00,comephore
2016-05-19,132.00,comephore
2016-05-20,0.00,comephore
2016-05-21,0.00,comephore
2016-05-22,58.00,comephore
2016-05-23,27.00,comephore
2016-05-24,25.00,comephore
2016-05-25,0.00,comephore
2016-05-26,0.00,comephore
2016-05-27,36.00,comephore
2016-05-28,99.00,comephore
2016-05-29,61.00,comephore
2016-05-30,142.00,comephore
2016-05-31,125.00,comephore
2016-06-01,1.00,comephore
2016-06-02,219.00,comephore
2016-06-03,26.00,comephore
2016-06-04,0.00,comephore
2016-06-05,0.00,comephore
2016-06-06,0.00,comephore
2016-06-07,0.00,comephore
2016-06-08,10.00,comephore
2016-06-09,0.00,comephore
2016-06-10,1.00,comephore
2016-06-11,145.00,comephore
2016-06-12,84.00,comephore
2016-06-13,124.00,comephore
2016-06-14,49.00,comephore
2016-06-15,116.00,comephore
2016-06-16,35.00,comephore
2016-06-17,13.00,comephore
2016-06-18,56.00,comephore
2016-06-19,1.00,comephore
2016-06-20,35.00,comephore
2016-06-21,50.00,comephore
2016-06-22,0.00,comephore
2016-06-23,0.00,comephore
2016-06-24,249.00,comephore
2016-06-25,116.00,comephore
2016-06-26,0.00,comephore
2016-06-27,0.00,comephore
2016-06-28,0.00,comephore
2016-06-29,54.00,comephore
2016-06-30,0.00,comephore
2016-07-01,0.00,comephore
2016-07-02,18.00,comephore
2016-07-03,0.00,comephore
2016-07-04,0.00,comephore
2016-07-05,0.00,comephore
2016-07-06,0.00,comephore
2016-07-07,0.00,comephore
2016-07-08,0.00,comephore
2016-07-09,0.00,comephore
2016-07-10,0.00,comephore
2016-07-11,64.00,comephore
2016-07-12,66.00,comephore
2016-07-13,7.00,comephore
2016-07-14,38.00,comephore
2016-07-15,0.00,comephore
2016-07-16,0.00,comephore
2016-07-17,0.00,comephore
2016-07-18,0.00,comephore
2016-07-19,0.00,comephore
2016-07-20,0.00,comephore
2016-07-21,0.00,comephore
2016-07-22,274.00,comephore
2016-07-23,7.00,comephore
2016-07-24,2.00,comephore
2016-07-25,0.00,comephore
2016-07-26,0.00,comephore
2016-07-27,0.00,comephore
2016-07-28,0.00,comephore
2016-07-29,0.00,comephore
2016-07-30,6.00,comephore
2016-07-31,32.00,comephore
2016-08-01,0.00,comephore
2016-08-02,0.00,comephore
2016-08-03,0.00,comephore
2016-08-04,288.00,comephore
2016-08-05,5.00,comephore
2016-08-06,0.00,comephore
2016-08-07,0.00,comephore
2016-08-08,0.00,comephore
2016-08-09,0.00,comephore
2016-08-10,0.00,comephore
2016-08-11,0.00,comephore
2016-08-12,0.00,comephore
2016-08-13,0.00,comephore
2016-08-14,0.00,comephore
2016-08-15,0.00,comephore
2016-08-16,0.00,comephore
2016-08-17,40.00,comephore
2016-08-18,43.00,comephore
2016-08-19,0.00,comephore
2016-08-20,93.00,comephore
2016-08-21,36.00,comephore
2016-08-22,0.00,comephore
2016-08-23,0.00,comephore
2016-08-24,0.00,comephore
2016-08-25,0.00,comephore
2016-08-26,0.00,comephore
2016-08-27,0.00,comephore
2016-08-28,0.00,comephore
2016-08-29,0.00,comephore
2016-08-30,0.00,comephore
2016-08-31,0.00,comephore
2016-09-01,0.00,comephore
2016-09-02,0.00,comephore
2016-09-03,0.00,comephore
2016-09-04,6.00,comephore
2016-09-05,52.00,comephore
2016-09-06,0.00,comephore
2016-09-07,0.00,comephore
2016-09-08,0.00,comephore
2016-09-09,0.00,comephore
2016-09-10,0.00,comephore
2016-09-11,0.00,comephore
2016-09-12,0.00,comephore
2016-09-13,0.00,comephore
2016-09-14,12.00,comephore
2016-09-15,25.00,comephore
2016-09-16,119.00,comephore
2016-09-17,135.00,comephore
2016-09-18,301.00,comephore
2016-09-19,28.00,comephore
2016-09-20,0.00,comephore
2016-09-21,0.00,comephore
2016-09-22,0.00,comephore
2016-09-23,0.00,comephore
2016-09-24,0.00,comephore
2016-09-25,14.00,comephore
2016-09-26,3.00,comephore
2016-09-27,0.00,comephore
2016-09-28,0.00,comephore
2016-09-29,0.00,comephore
2016-09-30,10.00,comephore
2016-10-01,0.00,comephore
2016-10-02,0.00,comephore
2016-10-03,0.00,comephore
2016-10-04,0.00,comephore
2016-10-05,0.00,comephore
2016-10-06,0.00,comephore
2016-10-07,0.00,comephore
2016-10-08,0.00,comephore
2016-10-09,0.00,comephore
2016-10-10,0.00,comephore
2016-10-11,0.00,comephore
2016-10-12,0.00,comephore
2016-10-13,212.00,comephore
2016-10-14,252.00,comephore
2016-10-15,0.00,comephore
2016-10-16,0.00,comephore
2016-10-17,5.00,comephore
2016-10-18,0.00,comephore
2016-10-19,4.00,comephore
2016-10-20,17.00,comephore
2016-10-21,25.00,comephore
2016-10-22,0.00,comephore
2016-10-23,0.00,comephore
2016-10-24,121.00,comephore
2016-10-25,67.00,comephore
2016-10-26,65.00,comephore
2016-10-27,0.00,comephore
2016-10-28,0.00,comephore
2016-10-29,0.00,comephore
2016-10-30,0.00,comephore
2016-10-31,0.00,comephore
2016-11-01,0.00,comephore
2016-11-02,0.00,comephore
2016-11-03,0.00,comephore
2016-11-04,0.00,comephore
2016-11-05,226.00,comephore
2016-11-06,15.00,comephore
2016-11-07,6.00,comephore
2016-11-08,28.00,comephore
2016-11-09,49.00,comephore
2016-11-10,164.00,comephore
2016-11-11,44.00,comephore
2016-11-12,0.00,comephore
2016-11-13,53.00,comephore
2016-11-14,0.00,comephore
2016-11-15,0.00,comephore
2016-11-16,32.00,comephore
2016-11-17,52.00,comephore
2016-11-18,131.00,comephore
2016-11-19,33.00,comephore
2016-11-20,0.00,comephore
2016-11-21,73.00,comephore
2016-11-22,246.00,comephore
2016-11-23,0.00,comephore
2016-11-24,2.00,comephore
2016-11-25,0.00,comephore
2016-11-26,0.00,comephore
2016-11-27,0.00,comephore
2016-11-28,0.00,comephore
2016-11-29,0.00,comephore
2016-11-30,0.00,comephore
2016-12-01,0.00,comephore
2016-12-02,0.00,comephore
2016-12-03,0.00,comephore
2016-12-04,0.00,comephore
2016-12-05,0.00,comephore
2016-12-06,0.00,comephore
2016-12-07,0.00,comephore
2016-12-08,0.00,comephore
2016-12-09,0.00,comephore
2016-12-10,0.00,comephore
2016-12-11,0.00,comephore
2016-12-12,0.00,comephore
2016-12-13,0.00,comephore
2016-12-14,0.00,comephore
2016-12-15,0.00,comephore
2016-12-16,0.00,comephore
2016-12-17,0.00,comephore
2016-12-18,0.00,comephore
2016-12-19,2.00,comephore
2016-12-20,2.00,comephore
2016-12-21,0.00,comephore
2016-12-22,16.00,comephore
2016-12-23,12.00,comephore
2016-12-24,11.00,comephore
2016-12-25,0.00,comephore
2016-12-26,10.00,comephore
2016-12-27,0.00,comephore
2016-12-28,0.00,comephore
2016-12-29,0.00,comephore
2016-12-30,0.00,comephore
2016-12-31,0.00,comephore
2017-01-01,0.00,comephore
2017-01-02,0.00,comephore
2017-01-03,0.00,comephore
2017-01-04,7.00,comephore
2017-01-05,1.00,comephore
2017-01-06,0.00,comephore
2017-01-07,0.00,comephore
2017-01-08,1.00,comephore
2017-01-09,0.00,comephore
2017-01-10,127.00,comephore
2017-01-11,9.00,comephore
2017-01-12,30.00,comephore
2017-01-13,18.00,comephore
2017-01-14,42.00,comephore
2017-01-15,15.00,comephore
2017-01-16,0.00,comephore
2017-01-17,0.00,comephore
2017-01-18,0.00,comephore
2017-01-19,0.00,comephore
2017-01-20,0.00,comephore
2017-01-21,0.00,comephore
2017-01-22,0.00,comephore
2017-01-23,0.00,comephore
2017-01-24,0.00,comephore
2017-01-25,0.00,comephore
2017-01-26,0.00,comephore
2017-01-27,0.00,comephore
2017-01-28,0.00,comephore
2017-01-29,0.00,comephore
2017-01-30,115.00,comephore
2017-01-31,57.00,comephore
2017-02-01,0.00,comephore
2017-02-02,5.00,comephore
2017-02-03,145.00,comephore
2017-02-04,32.00,comephore
2017-02-05,44.00,comephore
2017-02-06,8.00,comephore
2017-02-07,45.00,comephore
2017-02-08,7.00,comephore
2017-02-09,0.00,comephore
2017-02-10,0.00,comephore
2017-02-11,24.00,comephore
2017-02-12,6.00,comephore
2017-02-13,0.00,comephore
2017-02-14,0.00,comephore
2017-02-15,0.00,comephore
2017-02-16,0.00,comephore
2017-02-17,14.00,comephore
2017-02-18,0.00,comephore
2017-02-19,0.00,comephore
2017-02-20,11.00,comephore
2017-02-21,49.00,comephore
2017-02-22,4.00,comephore
2017-02-23,6.00,comephore
2017-02-24,20.00,comephore
2017-02-25,0.00,comephore
2017-02-26,0.00,comephore
2017-02-27,33.00,comephore
2017-02-28,213.00,comephore
2017-03-01,0.00,comephore
2017-03-02,22.00,comephore
2017-03-03,0.00,comephore
2017-03-04,69.00,comephore
2017-03-05,75.00,comephore
2017-03-06,145.00,comephore
2017-03-07,64.00,comephore
2017-03-08,13.00,comephore
2017-03-09,14.00,comephore
2017-03-10,2.00,comephore
2017-03-11,0.00,comephore
2017-03-12,0.00,comephore
2017-03-13,0.00,comephore
2017-03-14,0.00,comephore
2017-03-15,0.00,comephore
2017-03-16,0.00,comephore
2017-03-17,0.00,comephore
2017-03-18,83.00,comephore
2017-03-19,49.00,comephore
2017-03-20,0.00,comephore
2017-03-21,90.00,comephore
2017-03-22,1.00,comephore
2017-03-23,34.00,comephore
2017-03-24,16.00,comephore
2017-03-25,0.00,comephore
2017-03-26,0.00,comephore
2017-03-27,0.00,comephore
2017-03-28,0.00,comephore
2017-03-29,0.00,comephore
2017-03-30,0.00,comephore
2017-03-31,0.00,comephore
2017-04-01,0.00,comephore
2017-04-02,11.00,comephore
2017-04-03,0.00,comephore
2017-04-04,0.00,comephore
2017-04-05,0.00,comephore
2017-04-06,0.00,comephore
2017-04-07,0.00,comephore
2017-04-08,0.00,comephore
2017-04-09,0.00,comephore
2017-04-10,93.00,comephore
2017-04-11,0.00,comephore
2017-04-12,0.00,comephore
2017-04-13,0.00,comephore
2017-04-14,0.00,comephore
2017-04-15,0.00,comephore
2017-04-16,5.00,comephore
2017-04-17,11.00,comephore
2017-04-18,0.00,comephore
2017-04-19,0.00,comephore
2017-04-20,0.00,comephore
2017-04-21,0.00,comephore
2017-04-22,0.00,comephore
2017-04-23,0.00,comephore
2017-04-24,0.00,comephore
2017-04-25,247.00,comephore
2017-04-26,45.00,comephore
2017-04-27,22.00,comephore
2017-04-28,0.00,comephore
2017-04-29,0.00,comephore
2017-04-30,58.00,comephore
2017-05-01,18.00,comephore
2017-05-02,126.00,comephore
2017-05-03,67.00,comephore
2017-05-04,45.00,comephore
2017-05-05,0.00,comephore
2017-05-06,186.00,comephore
2017-05-07,105.00,comephore
2017-05-08,28.00,comephore
2017-05-09,0.00,comephore
2017-05-10,0.00,comephore
2017-05-11,73.00,comephore
2017-05-12,22.00,comephore
2017-05-13,10.00,comephore
2017-05-14,0.00,comephore
2017-05-15,0.00,comephore
2017-05-16,0.00,comephore
2017-05-17,0.00,comephore
2017-05-18,0.00,comephore
2017-05-19,132.00,comephore
2017-05-20,2.00,comephore
2017-05-21,0.00,comephore
2017-05-22,0.00,comephore
2017-05-23,0.00,comephore
2017-05-24,0.00,comephore
2017-05-25,0.00,comephore
2017-05-26,0.00,comephore
2017-05-27,0.00,comephore
2017-05-28,0.00,comephore
2017-05-29,0.00,comephore
2017-05-30,0.00,comephore
2017-05-31,83.00,comephore
2017-06-01,0.00,comephore
2017-06-02,0.00,comephore
2017-06-03,260.00,comephore
2017-06-04,72.00,comephore
2017-06-05,0.00,comephore
2017-06-06,124.00,comephore
2017-06-07,0.00,comephore
2017-06-08,0.00,comephore
2017-06-09,6.00,comephore
2017-06-10,0.00,comephore
2017-06-11,0.00,comephore
2017-06-12,0.00,comephore
2017-06-13,0.00,comephore
2017-06-14,96.00,comephore
2017-06-15,0.00,comephore
2017-06-16,0.00,comephore
2017-06-17,0.00,comephore
2017-06-18,0.00,comephore
2017-06-19,0.00,comephore
2017-06-20,0.00,comephore
2017-06-21,0.00,comephore
2017-06-22,0.00,comephore
2017-06-23,0.00,comephore
2017-06-24,0.00,comephore
2017-06-25,0.00,comephore
2017-06-26,8.00,comephore
2017-06-27,10.00,comephore
2017-06-28,76.00,comephore
2017-06-29,82.00,comephore
2017-06-30,52.00,comephore
2017-07-01,0.00,comephore
2017-07-02,43.00,comephore
2017-07-03,0.00,comephore
2017-07-04,0.00,comephore
2017-07-05,0.00,comephore
2017-07-06,0.00,comephore
2017-07-07,0.00,comephore
2017-07-08,20.00,comephore
2017-07-09,198.00,comephore
2017-07-10,34.00,comephore
2017-07-11,12.00,comephore
2017-07-12,1.00,comephore
2017-07-13,0.00,comephore
2017-07-14,0.00,comephore
2017-07-15,0.00,comephore
2017-07-16,0.00,comephore
2017-07-17,0.00,comephore
2017-07-18,3.00,comephore
2017-07-19,2.00,comephore
2017-07-20,8.00,comephore
2017-07-21,2.00,comephore
2017-07-22,8.00,comephore
2017-07-23,1.00,comephore
2017-07-24,89.00,comephore
2017-07-25,68.00,comephore
2017-07-26,0.00,comephore
2017-07-27,76.00,comephore
2017-07-28,7.00,comephore
2017-07-29,0.00,comephore
2017-07-30,24.00,comephore
2017-07-31,4.00,comephore
2017-08-01,0.00,comephore
2017-08-02,0.00,comephore
2017-08-03,0.00,comephore
2017-08-04,0.00,comephore
2017-08-05,0.00,comephore
2017-08-06,0.00,comephore
2017-08-07,3.00,comephore
2017-08-08,127.00,comephore
2017-08-09,5.00,comephore
2017-08-10,0.00,comephore
2017-08-11,15.00,comephore
2017-08-12,0.00,comephore
2017-08-13,0.00,comephore
2017-08-14,0.00,comephore
2017-08-15,12.00,comephore
2017-08-16,0.00,comephore
2017-08-17,0.00,comephore
2017-08-18,32.00,comephore
2017-08-19,2.00,comephore
2017-08-20,0.00,comephore
2017-08-21,0.00,comephore
2017-08-22,0.00,comephore
2017-08-23,0.00,comephore
2017-08-24,3.00,comephore
2017-08-25,0.00,comephore
2017-08-26,0.00,comephore
2017-08-27,1.00,comephore
2017-08-28,0.00,comephore
2017-08-29,0.00,comephore
2017-08-30,476.00,comephore
2017-08-31,270.00,comephore
2017-09-01,0.00,comephore
2017-09-02,18.00,comephore
2017-09-03,0.00,comephore
2017-09-04,0.00,comephore
2017-09-05,0.00,comephore
2017-09-06,0.00,comephore
2017-09-07,0.00,comephore
2017-09-08,0.00,comephore
2017-09-09,122.00,comephore
2017-09-10,0.00,comephore
2017-09-11,19.00,comephore
2017-09-12,28.00,comephore
2017-09-13,0.00,comephore
2017-09-14,114.00,comephore
2017-09-15,17.00,comephore
2017-09-16,27.00,comephore
2017-09-17,29.00,comephore
2017-09-18,0.00,comephore
2017-09-19,65.00,comephore
2017-09-20,0.00,comephore
2017-09-21,0.00,comephore
2017-09-22,0.00,comephore
2017-09-23,0.00,comephore
2017-09-24,0.00,comephore
2017-09-25,0.00,comephore
2017-09-26,14.00,comephore
2017-09-27,0.00,comephore
2017-09-28,0.00,comephore
2017-09-29,0.00,comephore
2017-09-30,111.00,comephore
2017-10-01,0.00,comephore
2017-10-02,6.00,comephore
2017-10-03,97.00,comephore
2017-10-04,0.00,comephore
2017-10-05,3.00,comephore
2017-10-06,5.00,comephore
2017-10-07,0.00,comephore
2017-10-08,58.00,comephore
2017-10-09,0.00,comephore
2017-10-10,0.00,comephore
2017-10-11,0.00,comephore
2017-10-12,0.00,comephore
2017-10-13,0.00,comephore
2017-10-14,0.00,comephore
2017-10-15,0.00,comephore
2017-10-16,0.00,comephore
2017-10-17,0.00,comephore
2017-10-18,0.00,comephore
2017-10-19,0.00,comephore
2017-10-20,2.00,comephore
2017-10-21,37.00,comephore
2017-10-22,15.00,comephore
2017-10-23,13.00,comephore
2017-10-24,0.00,comephore
2017-10-25,0.00,comephore
2017-10-26,0.00,comephore
2017-10-27,1.00,comephore
2017-10-28,0.00,comephore
2017-10-29,22.00,comephore
2017-10-30,0.00,comephore
2017-10-31,0.00,comephore
2017-11-01,0.00,comephore
2017-11-02,0.00,comephore
2017-11-03,0.00,comephore
2017-11-04,85.00,comephore
2017-11-05,45.00,comephore
2017-11-06,0.00,comephore
2017-11-07,0.00,comephore
2017-11-08,56.00,comephore
2017-11-09,0.00,comephore
2017-11-10,29.00,comephore
2017-11-11,112.00,comephore
2017-11-12,100.00,comephore
2017-11-13,36.00,comephore
2017-11-14,0.00,comephore
2017-11-15,0.00,comephore
2017-11-16,0.00,comephore
2017-11-17,0.00,comephore
2017-11-18,0.00,comephore
2017-11-19,23.00,comephore
2017-11-20,0.00,comephore
2017-11-21,0.00,comephore
2017-11-22,0.00,comephore
2017-11-23,0.00,comephore
2017-11-24,101.00,comephore
2017-11-25,272.00,comephore
2017-11-26,11.00,comephore
2017-11-27,0.00,comephore
2017-11-28,130.00,comephore
2017-11-29,19.00,comephore
2017-11-30,50.00,comephore
2017-12-01,0.00,comephore
2017-12-02,0.00,comephore
2017-12-03,0.00,comephore
2017-12-04,0.00,comephore
2017-12-05,0.00,comephore
2017-12-06,0.00,comephore
2017-12-07,53.00,comephore
2017-12-08,128.00,comephore
2017-12-09,12.00,comephore
2017-12-10,136.00,comephore
2017-12-11,203.00,comephore
2017-12-12,2.00,comephore
2017-12-13,21.00,comephore
2017-12-14,176.00,comephore
2017-12-15,42.00,comephore
2017-12-16,62.00,comephore
2017-12-17,17.00,comephore
2017-12-18,69.00,comephore
2017-12-19,9.00,comephore
2017-12-20,13.00,comephore
2017-12-21,5.00,comephore
2017-12-22,23.00,comephore
2017-12-23,0.00,comephore
2017-12-24,0.00,comephore
2017-12-25,0.00,comephore
2017-12-26,21.00,comephore
2017-12-27,91.00,comephore
2017-12-28,6.00,comephore
2017-12-29,42.00,comephore
2017-12-30,89.00,comephore
2017-12-31,34.00,comephore
2018-01-01,0.00,comephore
2018-01-02,9.00,comephore
2018-01-03,96.00,comephore
2018-01-04,264.00,comephore
2018-01-05,132.00,comephore
2018-01-06,12.00,comephore
2018-01-07,0.00,comephore
2018-01-08,0.00,comephore
2018-01-09,23.00,comephore
2018-01-10,7.00,comephore
2018-01-11,4.00,comephore
2018-01-12,0.00,comephore
2018-01-13,0.00,comephore
2018-01-14,0.00,comephore
2018-01-15,20.00,comephore
2018-01-16,63.00,comephore
2018-01-17,22.00,comephore
2018-01-18,129.00,comephore
2018-01-19,29.00,comephore
2018-01-20,111.00,comephore
2018-01-21,128.00,comephore
2018-01-22,171.00,comephore
2018-01-23,4.00,comephore
2018-01-24,0.00,comephore
2018-01-25,2.00,comephore
2018-01-26,233.00,comephore
2018-01-27,9.00,comephore
2018-01-28,0.00,comephore
2018-01-29,4.00,comephore
2018-01-30,5.00,comephore
2018-01-31,73.00,comephore
2018-02-01,26.00,comephore
2018-02-02,23.00,comephore
2018-02-03,26.00,comephore
2018-02-04,0.00,comephore
2018-02-05,33.00,comephore
2018-02-06,2.00,comephore
2018-02-07,18.00,comephore
2018-02-08,6.00,comephore
2018-02-09,19.00,comephore
2018-02-10,22.00,comephore
2018-02-11,32.00,comephore
2018-02-12,0.00,comephore
2018-02-13,1.00,comephore
2018-02-14,0.00,comephore
2018-02-15,93.00,comephore
2018-02-16,68.00,comephore
2018-02-17,246.00,comephore
2018-02-18,0.00,comephore
2018-02-19,0.00,comephore
2018-02-20,0.00,comephore
2018-02-21,0.00,comephore
2018-02-22,0.00,comephore
2018-02-23,0.00,comephore
2018-02-24,0.00,comephore
2018-02-25,0.00,comephore
2018-02-26,0.00,comephore
2018-02-27,0.00,comephore
2018-02-28,9.00,comephore
2018-03-01,1.00,comephore
2018-03-02,137.00,comephore
2018-03-03,3.00,comephore
2018-03-04,110.00,comephore
2018-03-05,0.00,comephore
2018-03-06,52.00,comephore
2018-03-07,16.00,comephore
2018-03-08,0.00,comephore
2018-03-09,0.00,comephore
2018-03-10,65.00,comephore
2018-03-11,78.00,comephore
2018-03-12,118.00,comephore
2018-03-13,90.00,comephore
2018-03-14,0.00,comephore
2018-03-15,220.00,comephore
2018-03-16,18.00,comephore
2018-03-17,256.00,comephore
2018-03-18,4.00,comephore
2018-03-19,0.00,comephore
2018-03-20,0.00,comephore
2018-03-21,0.00,comephore
2018-03-22,40.00,comephore
2018-03-23,1.00,comephore
2018-03-24,0.00,comephore
2018-03-25,10.00,comephore
2018-03-26,7.00,comephore
2018-03-27,40.00,comephore
2018-03-28,175.00,comephore
2018-03-29,13.00,comephore
2018-03-30,141.00,comephore
2018-03-31,21.00,comephore
2018-04-01,0.00,comephore
2018-04-02,0.00,comephore
2018-04-03,0.00,comephore
2018-04-04,165.00,comephore
2018-04-05,10.00,comephore
2018-04-06,0.00,comephore
2018-04-07,0.00,comephore
2018-04-08,0.00,comephore
2018-04-09,0.00,comephore
2018-04-10,7.00,comephore
2018-04-11,0.00,comephore
2018-04-12,19.00,comephore
2018-04-13,8.00,comephore
2018-04-14,8.00,comephore
2018-04-15,45.00,comephore
2018-04-16,0.00,comephore
2018-04-17,0.00,comephore
2018-04-18,0.00,comephore
2018-04-19,0.00,comephore
2018-04-20,0.00,comephore
2018-04-21,0.00,comephore
2018-04-22,0.00,comephore
2018-04-23,72.00,comephore
2018-04-24,0.00,comephore
2018-04-25,0.00,comephore
2018-04-26,0.00,comephore
2018-04-27,0.00,comephore
2018-04-28,35.00,comephore
2018-04-29,71.00,comephore
2018-04-30,55.00,comephore
2018-05-01,0.00,comephore
2018-05-02,0.00,comephore
2018-05-03,0.00,comephore
2018-05-04,0.00,comephore
2018-05-05,0.00,comephore
2018-05-06,0.00,comephore
2018-05-07,0.00,comephore
2018-05-08,2.00,comephore
2018-05-09,119.00,comephore
2018-05-10,165.00,comephore
2018-05-11,0.00,comephore
2018-05-12,0.00,comephore
2018-05-13,148.00,comephore
2018-05-14,135.00,comephore
2018-05-15,458.00,comephore
2018-05-16,40.00,comephore
2018-05-17,0.00,comephore
2018-05-18,0.00,comephore
2018-05-19,0.00,comephore
2018-05-20,0.00,comephore
2018-05-21,0.00,comephore
2018-05-22,24.00,comephore
2018-05-23,33.00,comephore
2018-05-24,1.00,comephore
2018-05-25,0.00,comephore
2018-05-26,11.00,comephore
2018-05-27,47.00,comephore
2018-05-28,4.00,comephore
2018-05-29,101.00,comephore
2018-05-30,128.00,comephore
2018-05-31,11.00,comephore
2018-06-01,0.00,comephore
2018-06-02,0.00,comephore
2018-06-03,118.00,comephore
2018-06-04,1.00,comephore
2018-06-05,17.00,comephore
2018-06-06,0.00,comephore
2018-06-07,0.00,comephore
2018-06-08,15.00,comephore
2018-06-09,0.00,comephore
2018-06-10,0.00,comephore
2018-06-11,137.00,comephore
2018-06-12,10.00,comephore
2018-06-13,2.00,comephore
2018-06-14,0.00,comephore
2018-06-15,0.00,comephore
2018-06-16,0.00,comephore
2018-06-17,0.00,comephore
2018-06-18,0.00,comephore
2018-06-19,0.00,comephore
2018-06-20,0.00,comephore
2018-06-21,0.00,comephore
2018-06-22,0.00,comephore
2018-06-23,0.00,comephore
2018-06-24,0.00,comephore
2018-06-25,0.00,comephore
2018-06-26,0.00,comephore
2018-06-27,0.00,comephore
2018-06-28,0.00,comephore
2018-06-29,0.00,comephore
2018-06-30,0.00,comephore
2018-07-01,0.00,comephore
2018-07-02,0.00,comephore
2018-07-03,7.00,comephore
2018-07-04,11.00,comephore
2018-07-05,82.00,comephore
2018-07-06,25.00,comephore
2018-07-07,0.00,comephore
2018-07-08,0.00,comephore
2018-07-09,0.00,comephore
2018-07-10,0.00,comephore
2018-07-11,0.00,comephore
2018-07-12,0.00,comephore
2018-07-13,0.00,comephore
2018-07-14,0.00,comephore
2018-07-15,28.00,comephore
2018-07-16,0.00,comephore
2018-07-17,0.00,comephore
2018-07-18,0.00,comephore
2018-07-19,0.00,comephore
2018-07-20,75.00,comephore
2018-07-21,74.00,comephore
2018-07-22,0.00,comephore
2018-07-23,0.00,comephore
2018-07-24,0.00,comephore
2018-07-25,0.00,comephore
2018-07-26,0.00,comephore
2018-07-27,0.00,comephore
2018-07-28,52.00,comephore
2018-07-29,0.00,comephore
2018-07-30,0.00,comephore
2018-07-31,0.00,comephore
2018-08-01,0.00,comephore
2018-08-02,0.00,comephore
2018-08-03,0.00,comephore
2018-08-04,0.00,comephore
2018-08-05,0.00,comephore
2018-08-06,0.00,comephore
2018-08-07,2.00,comephore
2018-08-08,7.00,comephore
2018-08-09,132.00,comephore
2018-08-10,0.00,comephore
2018-08-11,0.00,comephore
2018-08-12,0.00,comephore
2018-08-13,56.00,comephore
2018-08-14,80.00,comephore
2018-08-15,0.00,comephore
2018-08-16,0.00,comephore
2018-08-17,86.00,comephore
2018-08-18,0.00,comephore
2018-08-19,0.00,comephore
2018-08-20,0.00,comephore
2018-08-21,0.00,comephore
2018-08-22,0.00,comephore
2018-08-23,279.00,comephore
2018-08-24,0.00,comephore
2018-08-25,51.00,comephore
2018-08-26,0.00,comephore
2018-08-27,0.00,comephore
2018-08-28,0.00,comephore
2018-08-29,121.00,comephore
2018-08-30,2.00,comephore
2018-08-31,0.00,comephore
2018-09-01,0.00,comephore
2018-09-02,0.00,comephore
2018-09-03,0.00,comephore
2018-09-04,0.00,comephore
2018-09-05,0.00,comephore
2018-09-06,111.00,comephore
2018-09-07,0.00,comephore
2018-09-08,0.00,comephore
2018-09-09,0.00,comephore
2018-09-10,0.00,comephore
2018-09-11,0.00,comephore
2018-09-12,0.00,comephore
2018-09-13,3.00,comephore
2018-09-14,0.00,comephore
2018-09-15,0.00,comephore
2018-09-16,0.00,comephore
2018-09-17,0.00,comephore
2018-09-18,0.00,comephore
2018-09-19,0.00,comephore
2018-09-20,0.00,comephore
2018-09-21,69.00,comephore
2018-09-22,0.00,comephore
2018-09-23,142.00,comephore
2018-09-24,0.00,comephore
2018-09-25,0.00,comephore
2018-09-26,0.00,comephore
2018-09-27,0.00,comephore
2018-09-28,0.00,comephore
2018-09-29,0.00,comephore
2018-09-30,0.00,comephore
2018-10-01,0.00,comephore
2018-10-02,0.00,comephore
2018-10-03,0.00,comephore
2018-10-04,0.00,comephore
2018-10-05,0.00,comephore
2018-10-06,1.00,comephore
2018-10-07,114.00,comephore
2018-10-08,0.00,comephore
2018-10-09,1.00,comephore
2018-10-10,1.00,comephore
2018-10-11,23.00,comephore
2018-10-12,0.00,comephore
2018-10-13,0.00,comephore
2018-10-14,0.00,comephore
2018-10-15,0.00,comephore
2018-10-16,0.00,comephore
2018-10-17,0.00,comephore
2018-10-18,0.00,comephore
2018-10-19,0.00,comephore
2018-10-20,0.00,comephore
2018-10-21,0.00,comephore
2018-10-22,0.00,comephore
2018-10-23,0.00,comephore
2018-10-24,0.00,comephore
2018-10-25,0.00,comephore
2018-10-26,0.00,comephore
2018-10-27,31.00,comephore
2018-10-28,66.00,comephore
2018-10-29,216.00,comephore
2018-10-30,38.00,comephore
2018-10-31,1.00,comephore
2018-11-01,0.00,comephore
2018-11-02,0.00,comephore
2018-11-03,0.00,comephore
2018-11-04,0.00,comephore
2018-11-05,0.00,comephore
2018-11-06,20.00,comephore
2018-11-07,171.00,comephore
2018-11-08,0.00,comephore
2018-11-09,9.00,comephore
2018-11-10,78.00,comephore
2018-11-11,8.00,comephore
2018-11-12,0.00,comephore
2018-11-13,70.00,comephore
2018-11-14,1.00,comephore
2018-11-15,0.00,comephore
2018-11-16,0.00,comephore
2018-11-17,0.00,comephore
2018-11-18,0.00,comephore
2018-11-19,0.00,comephore
2018-11-20,77.00,comephore
2018-11-21,24.00,comephore
2018-11-22,0.00,comephore
2018-11-23,184.00,comephore
2018-11-24,0.00,comephore
2018-11-25,15.00,comephore
2018-11-26,6.00,comephore
2018-11-27,22.00,comephore
2018-11-28,0.00,comephore
2018-11-29,7.00,comephore
2018-11-30,54.00,comephore
2018-12-01,2.00,comephore
2018-12-02,163.00,comephore
2018-12-03,156.00,comephore
2018-12-04,35.00,comephore
2018-12-05,0.00,comephore
2018-12-06,52.00,comephore
2018-12-07,44.00,comephore
2018-12-08,41.00,comephore
2018-12-09,121.00,comephore
2018-12-10,44.00,comephore
2018-12-11,0.00,comephore
2018-12-12,0.00,comephore
2018-12-13,0.00,comephore
2018-12-14,0.00,comephore
2018-12-15,2.00,comephore
2018-12-16,8.00,comephore
2018-12-17,33.00,comephore
2018-12-18,0.00,comephore
2018-12-19,53.00,comephore
2018-12-20,7.00,comephore
2018-12-21,119.00,comephore
2018-12-22,14.00,comephore
2018-12-23,80.00,comephore
2018-12-24,30.00,comephore
2018-12-25,0.00,comephore
2018-12-26,0.00,comephore
2018-12-27,0.00,comephore
2018-12-28,0.00,comephore
2018-12-29,0.00,comephore
2018-12-30,0.00,comephore
2018-12-31,0.00,comephore
2019-01-01,0.00,comephore
2019-01-02,14.00,comephore
2019-01-03,0.00,comephore
2019-01-04,0.00,comephore
2019-01-05,5.00,comephore
2019-01-06,0.00,comephore
2019-01-07,0.00,comephore
2019-01-08,69.00,comephore
2019-01-09,24.00,comephore
2019-01-10,4.00,comephore
2019-01-11,0.00,comephore
2019-01-12,50.00,comephore
2019-01-13,196.00,comephore
2019-01-14,45.00,comephore
2019-01-15,0.00,comephore
2019-01-16,0.00,comephore
2019-01-17,15.00,comephore
2019-01-18,0.00,comephore
2019-01-19,0.00,comephore
2019-01-20,0.00,comephore
2019-01-21,0.00,comephore
2019-01-22,20.00,comephore
2019-01-23,48.00,comephore
2019-01-24,0.00,comephore
2019-01-25,0.00,comephore
2019-01-26,31.00,comephore
2019-01-27,80.00,comephore
2019-01-28,0.00,comephore
2019-01-29,8.00,comephore
2019-01-30,27.00,comephore
2019-01-31,44.00,comephore
2019-02-01,2.00,comephore
2019-02-02,49.00,comephore
2019-02-03,87.00,comephore
2019-02-04,0.00,comephore
2019-02-05,0.00,comephore
2019-02-06,0.00,comephore
2019-02-07,59.00,comephore
2019-02-08,0.00,comephore
2019-02-09,21.00,comephore
2019-02-10,98.00,comephore
2019-02-11,39.00,comephore
2019-02-12,0.00,comephore
2019-02-13,0.00,comephore
2019-02-14,0.00,comephore
2019-02-15,0.00,comephore
2019-02-16,0.00,comephore
2019-02-17,0.00,comephore
2019-02-18,0.00,comephore
2019-02-19,0.00,comephore
2019-02-20,0.00,comephore
2019-02-21,0.00,comephore
2019-02-22,0.00,comephore
2019-02-23,0.00,comephore
2019-02-24,0.00,comephore
2019-02-25,0.00,comephore
2019-02-26,0.00,comephore
2019-02-27,0.00,comephore
2019-02-28,0.00,comephore
2019-03-01,0.00,comephore
2019-03-02,18.00,comephore
2019-03-03,0.00,comephore
2019-03-04,21.00,comephore
2019-03-05,6.00,comephore
2019-03-06,0.00,comephore
2019-03-07,52.00,comephore
2019-03-08,35.00,comephore
2019-03-09,67.00,comephore
2019-03-10,33.00,comephore
2019-03-11,28.00,comephore
2019-03-12,23.00,comephore
2019-03-13,40.00,comephore
2019-03-14,213.00,comephore
2019-03-15,31.00,comephore
2019-03-16,0.00,comephore
2019-03-17,38.00,comephore
2019-03-18,15.00,comephore
2019-03-19,0.00,comephore
2019-03-20,0.00,comephore
2019-03-21,0.00,comephore
2019-03-22,0.00,comephore
2019-03-23,0.00,comephore
2019-03-24,0.00,comephore
2019-03-25,0.00,comephore
2019-03-26,0.00,comephore
2019-03-27,0.00,comephore
2019-03-28,0.00,comephore
2019-03-29,0.00,comephore
2019-03-30,0.00,comephore
2019-03-31,0.00,comephore
2019-04-01,0.00,comephore
2019-04-02,36.00,comephore
2019-04-03,282.00,comephore
2019-04-04,55.00,comephore
2019-04-05,0.00,comephore
2019-04-06,0.00,comephore
2019-04-07,90.00,comephore
2019-04-08,0.00,comephore
2019-04-09,0.00,comephore
2019-04-10,2.00,comephore
2019-04-11,0.00,comephore
2019-04-12,0.00,comephore
2019-04-13,0.00,comephore
2019-04-14,0.00,comephore
2019-04-15,0.00,comephore
2019-04-16,11.00,comephore
2019-04-17,0.00,comephore
2019-04-18,0.00,comephore
2019-04-19,0.00,comephore
2019-04-20,0.00,comephore
2019-04-21,0.00,comephore
2019-04-22,0.00,comephore
2019-04-23,0.00,comephore
2019-04-24,48.00,comephore
2019-04-25,302.00,comephore
2019-04-26,6.00,comephore
2019-04-27,37.00,comephore
2019-04-28,124.00,comephore
2019-04-29,0.00,comephore
2019-04-30,0.00,comephore
2019-05-01,0.00,comephore
2019-05-02,82.00,comephore
2019-05-03,26.00,comephore
2019-05-04,79.00,comephore
2019-05-05,1.00,comephore
2019-05-06,0.00,comephore
2019-05-07,2.00,comephore
2019-05-08,131.00,comephore
2019-05-09,41.00,comephore
2019-05-10,10.00,comephore
2019-05-11,77.00,comephore
2019-05-12,0.00,comephore
2019-05-13,0.00,comephore
2019-05-14,0.00,comephore
2019-05-15,0.00,comephore
2019-05-16,0.00,comephore
2019-05-17,3.00,comephore
2019-05-18,9.00,comephore
2019-05-19,0.00,comephore
2019-05-20,0.00,comephore
2019-05-21,0.00,comephore
2019-05-22,0.00,comephore
2019-05-23,0.00,comephore
2019-05-24,0.00,comephore
2019-05-25,0.00,comephore
2019-05-26,0.00,comephore
2019-05-27,33.00,comephore
2019-05-28,72.00,comephore
2019-05-29,0.00,comephore
2019-05-30,0.00,comephore
2019-05-31,0.00,comephore
2019-06-01,0.00,comephore
2019-06-02,0.00,comephore
2019-06-03,0.00,comephore
2019-06-04,0.00,comephore
2019-06-05,0.00,comephore
2019-06-06,3.00,comephore
2019-06-07,5.00,comephore
2019-06-08,0.00,comephore
2019-06-09,158.00,comephore
2019-06-10,184.00,comephore
2019-06-11,115.00,comephore
2019-06-12,94.00,comephore
2019-06-13,0.00,comephore
2019-06-14,113.00,comephore
2019-06-15,78.00,comephore
2019-06-16,0.00,comephore
2019-06-17,0.00,comephore
2019-06-18,0.00,comephore
2019-06-19,84.00,comephore
2019-06-20,30.00,comephore
2019-06-21,82.00,comephore
2019-06-22,0.00,comephore
2019-06-23,0.00,comephore
2019-06-24,0.00,comephore
2019-06-25,0.00,comephore
2019-06-26,0.00,comephore
2019-06-27,0.00,comephore
2019-06-28,0.00,comephore
2019-06-29,0.00,comephore
2019-06-30,0.00,comephore
2019-07-01,0.00,comephore
2019-07-02,0.00,comephore
2019-07-03,0.00,comephore
2019-07-04,0.00,comephore
2019-07-05,0.00,comephore
2019-07-06,72.00,comephore
2019-07-07,49.00,comephore
2019-07-08,0.00,comephore
2019-07-09,0.00,comephore
2019-07-10,0.00,comephore
2019-07-11,0.00,comephore
2019-07-12,0.00,comephore
2019-07-13,0.00,comephore
2019-07-14,1.00,comephore
2019-07-15,0.00,comephore
2019-07-16,0.00,comephore
2019-07-17,0.00,comephore
2019-07-18,0.00,comephore
2019-07-19,0.00,comephore
2019-07-20,8.00,comephore
2019-07-21,6.00,comephore
2019-07-22,0.00,comephore
2019-07-23,0.00,comephore
2019-07-24,0.00,comephore
2019-07-25,0.00,comephore
2019-07-26,19.00,comephore
2019-07-27,106.00,comephore
2019-07-28,228.00,comephore
2019-07-29,0.00,comephore
2019-07-30,0.00,comephore
2019-07-31,0.00,comephore
2019-08-01,0.00,comephore
2019-08-02,0.00,comephore
2019-08-03,0.00,comephore
2019-08-04,0.00,comephore
2019-08-05,0.00,comephore
2019-08-06,42.00,comephore
2019-08-07,49.00,comephore
2019-08-08,0.00,comephore
2019-08-09,38.00,comephore
2019-08-10,97.00,comephore
2019-08-11,91.00,comephore
2019-08-12,7.00,comephore
2019-08-13,0.00,comephore
2019-08-14,0.00,comephore
2019-08-15,21.00,comephore
2019-08-16,0.00,comephore
2019-08-17,0.00,comephore
2019-08-18,297.00,comephore
2019-08-19,78.00,comephore
2019-08-20,25.00,comephore
2019-08-21,1.00,comephore
2019-08-22,0.00,comephore
2019-08-23,0.00,comephore
2019-08-24,0.00,comephore
2019-08-25,0.00,comephore
2019-08-26,0.00,comephore
2019-08-27,0.00,comephore
2019-08-28,0.00,comephore
2019-08-29,0.00,comephore
2019-08-30,0.00,comephore
2019-08-31,1.00,comephore
2019-09-01,0.00,comephore
2019-09-02,0.00,comephore
2019-09-03,0.00,comephore
2019-09-04,0.00,comephore
2019-09-05,1.00,comephore
2019-09-06,0.00,comephore
2019-09-07,6.00,comephore
2019-09-08,75.00,comephore
2019-09-09,0.00,comephore
2019-09-10,0.00,comephore
2019-09-11,0.00,comephore
2019-09-12,0.00,comephore
2019-09-13,0.00,comephore
2019-09-14,0.00,comephore
2019-09-15,0.00,comephore
2019-09-16,0.00,comephore
2019-09-17,0.00,comephore
2019-09-18,0.00,comephore
2019-09-19,0.00,comephore
2019-09-20,0.00,comephore
2019-09-21,0.00,comephore
2019-09-22,122.00,comephore
2019-09-23,0.00,comephore
2019-09-24,15.00,comephore
2019-09-25,63.00,comephore
2019-09-26,35.00,comephore
2019-09-27,25.00,comephore
2019-09-28,0.00,comephore
2019-09-29,0.00,comephore
2019-09-30,3.00,comephore
2019-10-01,0.00,comephore
2019-10-02,20.00,comephore
2019-10-03,0.00,comephore
2019-10-04,22.00,comephore
2019-10-05,34.00,comephore
2019-10-06,49.00,comephore
2019-10-07,1.00,comephore
2019-10-08,0.00,comephore
2019-10-09,159.00,comephore
2019-10-10,0.00,comephore
2019-10-11,0.00,comephore
2019-10-12,0.00,comephore
2019-10-13,0.00,comephore
2019-10-14,0.00,comephore
2019-10-15,344.00,comephore
2019-10-16,0.00,comephore
2019-10-17,66.00,comephore
2019-10-18,48.00,comephore
2019-10-19,546.00,comephore
2019-10-20,381.00,comephore
2019-10-21,50.00,comephore
2019-10-22,2.00,comephore
2019-10-23,0.00,comephore
2019-10-24,0.00,comephore
2019-10-25,0.00,comephore
2019-10-26,0.00,comephore
2019-10-27,2.00,comephore
2019-10-28,35.00,comephore
2019-10-29,4.00,comephore
2019-10-30,0.00,comephore
2019-10-31,25.00,comephore
2019-11-01,0.00,comephore
2019-11-02,246.00,comephore
2019-11-03,47.00,comephore
2019-11-04,65.00,comephore
2019-11-05,112.00,comephore
2019-11-06,29.00,comephore
2019-11-07,49.00,comephore
2019-11-08,30.00,comephore
2019-11-09,1.00,comephore
2019-11-10,0.00,comephore
2019-11-11,17.00,comephore
2019-11-12,9.00,comephore
2019-11-13,1.00,comephore
2019-11-14,201.00,comephore
2019-11-15,40.00,comephore
2019-11-16,0.00,comephore
2019-11-17,27.00,comephore
2019-11-18,15.00,comephore
2019-11-19,0.00,comephore
2019-11-20,0.00,comephore
2019-11-21,34.00,comephore
2019-11-22,0.00,comephore
2019-11-23,5.00,comephore
2019-11-24,1.00,comephore
2019-11-25,0.00,comephore
2019-11-26,0.00,comephore
2019-11-27,114.00,comephore
2019-11-28,104.00,comephore
2019-11-29,141.00,comephore
2019-11-30,0.00,comephore
2019-12-01,0.00,comephore
2019-12-02,1.00,comephore
2019-12-03,0.00,comephore
2019-12-04,0.00,comephore
2019-12-05,0.00,comephore
2019-12-06,0.00,comephore
2019-12-07,41.00,comephore
2019-12-08,27.00,comephore
2019-12-09,78.00,comephore
2019-12-10,0.00,comephore
2019-12-11,107.00,comephore
2019-12-12,25.00,comephore
2019-12-13,193.00,comephore
2019-12-14,69.00,comephore
2019-12-15,8.00,comephore
2019-12-16,0.00,comephore
2019-12-17,0.00,comephore
2019-12-18,112.00,comephore
2019-12-19,0.00,comephore
2019-12-20,217.00,comephore
2019-12-21,49.00,comephore
2019-12-22,62.00,comephore
2019-12-23,29.00,comephore
2019-12-24,60.00,comephore
2019-12-25,0.00,comephore
2019-12-26,9.00,comephore
2019-12-27,171.00,comephore
2019-12-28,0.00,comephore
2019-12-29,0.00,comephore
2019-12-30,0.00,comephore
2019-12-31,0.00,comephore
2020-01-01,0.00,comephore
2020-01-02,0.00,comephore
2020-01-03,12.00,comephore
2020-01-04,12.00,comephore
2020-01-05,1.00,comephore
2020-01-06,0.00,comephore
2020-01-07,7.00,comephore
2020-01-08,3.00,comephore
2020-01-09,24.00,comephore
2020-01-10,43.00,comephore
2020-01-11,0.00,comephore
2020-01-12,0.00,comephore
2020-01-13,0.00,comephore
2020-01-14,0.00,comephore
2020-01-15,0.00,comephore
2020-01-16,0.00,comephore
2020-01-17,67.00,comephore
2020-01-18,0.00,comephore
2020-01-19,0.00,comephore
2020-01-20,0.00,comephore
2020-01-21,0.00,comephore
2020-01-22,0.00,comephore
2020-01-23,0.00,comephore
2020-01-24,0.00,comephore
2020-01-25,0.00,comephore
2020-01-26,4.00,comephore
2020-01-27,57.00,comephore
2020-01-28,64.00,comephore
2020-01-29,27.00,comephore
2020-01-30,77.00,comephore
2020-01-31,8.00,comephore
2020-02-01,0.00,comephore
2020-02-02,123.00,comephore
2020-02-03,0.00,comephore
2020-02-04,95.00,comephore
2020-02-05,7.00,comephore
2020-02-06,0.00,comephore
2020-02-07,0.00,comephore
2020-02-08,0.00,comephore
2020-02-09,0.00,comephore
2020-02-10,40.00,comephore
2020-02-11,19.00,comephore
2020-02-12,5.00,comephore
2020-02-13,75.00,comephore
2020-02-14,25.00,comephore
2020-02-15,0.00,comephore
2020-02-16,0.00,comephore
2020-02-17,60.00,comephore
2020-02-18,0.00,comephore
2020-02-19,29.00,comephore
2020-02-20,0.00,comephore
2020-02-21,1.00,comephore
2020-02-22,0.00,comephore
2020-02-23,0.00,comephore
2020-02-24,0.00,comephore
2020-02-25,84.00,comephore
2020-02-26,18.00,comephore
2020-02-27,21.00,comephore
2020-02-28,0.00,comephore
2020-02-29,65.00,comephore
2020-03-01,0.00,comephore
2020-03-02,240.00,comephore
2020-03-03,11.00,comephore
2020-03-04,4.00,comephore
2020-03-05,171.00,comephore
2020-03-06,3.00,comephore
2020-03-07,0.00,comephore
2020-03-08,14.00,comephore
2020-03-09,82.00,comephore
2020-03-10,77.00,comephore
2020-03-11,1.00,comephore
2020-03-12,0.00,comephore
2020-03-13,0.00,comephore
2020-03-14,0.00,comephore
2020-03-15,0.00,comephore
2020-03-16,0.00,comephore
2020-03-17,0.00,comephore
2020-03-18,0.00,comephore
2020-03-19,0.00,comephore
2020-03-20,0.00,comephore
2020-03-21,0.00,comephore
2020-03-22,0.00,comephore
2020-03-23,0.00,comephore
2020-03-24,0.00,comephore
2020-03-25,0.00,comephore
2020-03-26,0.00,comephore
2020-03-27,0.00,comephore
2020-03-28,0.00,comephore
2020-03-29,38.00,comephore
2020-03-30,0.00,comephore
2020-03-31,0.00,comephore
2020-04-01,0.00,comephore
2020-04-02,0.00,comephore
2020-04-03,0.00,comephore
2020-04-04,0.00,comephore
2020-04-05,0.00,comephore
2020-04-06,0.00,comephore
2020-04-07,0.00,comephore
2020-04-08,0.00,comephore
2020-04-09,0.00,comephore
2020-04-10,0.00,comephore
2020-04-11,0.00,comephore
2020-04-12,0.00,comephore
2020-04-13,0.00,comephore
2020-04-14,0.00,comephore
2020-04-15,0.00,comephore
2020-04-16,0.00,comephore
2020-04-17,0.00,comephore
2020-04-18,0.00,comephore
2020-04-19,22.00,comephore
2020-04-20,0.00,comephore
2020-04-21,0.00,comephore
2020-04-22,0.00,comephore
2020-04-23,0.00,comephore
2020-04-24,0.00,comephore
2020-04-25,16.00,comephore
2020-04-26,17.00,comephore
2020-04-27,14.00,comephore
2020-04-28,154.00,comephore
2020-04-29,89.00,comephore
2020-04-30,89.00,comephore
2020-05-01,0.00,comephore
2020-05-02,55.00,comephore
2020-05-03,4.00,comephore
2020-05-04,13.00,comephore
2020-05-05,76.00,comephore
2020-05-06,0.00,comephore
2020-05-07,0.00,comephore
2020-05-08,0.00,comephore
2020-05-09,0.00,comephore
2020-05-10,19.00,comephore
2020-05-11,365.00,comephore
2020-05-12,0.00,comephore
2020-05-13,147.00,comephore
2020-05-14,3.00,comephore
2020-05-15,0.00,comephore
2020-05-16,0.00,comephore
2020-05-17,0.00,comephore
2020-05-18,0.00,comephore
2020-05-19,0.00,comephore
2020-05-20,0.00,comephore
2020-05-21,0.00,comephore
2020-05-22,0.00,comephore
2020-05-23,288.00,comephore
2020-05-24,0.00,comephore
2020-05-25,0.00,comephore
2020-05-26,0.00,comephore
2020-05-27,0.00,comephore
2020-05-28,0.00,comephore
2020-05-29,0.00,comephore
2020-05-30,0.00,comephore
2020-05-31,0.00,comephore
2020-06-01,0.00,comephore
2020-06-02,0.00,comephore
2020-06-03,35.00,comephore
2020-06-04,6.00,comephore
2020-06-05,19.00,comephore
2020-06-06,111.00,comephore
2020-06-07,9.00,comephore
2020-06-08,3.00,comephore
2020-06-09,132.00,comephore
2020-06-10,0.00,comephore
2020-06-11,0.00,comephore
2020-06-12,37.00,comephore
2020-06-13,0.00,comephore
2020-06-14,0.00,comephore
2020-06-15,0.00,comephore
2020-06-16,34.00,comephore
2020-06-17,31.00,comephore
2020-06-18,0.00,comephore
2020-06-19,0.00,comephore
2020-06-20,0.00,comephore
2020-06-21,0.00,comephore
2020-06-22,2.00,comephore
2020-06-23,0.00,comephore
2020-06-24,0.00,comephore
2020-06-25,0.00,comephore
2020-06-26,1.00,comephore
2020-06-27,0.00,comephore
2020-06-28,247.00,comephore
2020-06-29,39.00,comephore
2020-06-30,0.00,comephore
2020-07-01,0.00,comephore
2020-07-02,2.00,comephore
2020-07-03,0.00,comephore
2020-07-04,0.00,comephore
2020-07-05,0.00,comephore
2020-07-06,0.00,comephore
2020-07-07,0.00,comephore
2020-07-08,0.00,comephore
2020-07-09,0.00,comephore
2020-07-10,0.00,comephore
2020-07-11,1.00,comephore
2020-07-12,0.00,comephore
2020-07-13,0.00,comephore
2020-07-14,0.00,comephore
2020-07-15,108.00,comephore
2020-07-16,8.00,comephore
2020-07-17,0.00,comephore
2020-07-18,0.00,comephore
2020-07-19,0.00,comephore
2020-07-20,0.00,comephore
2020-07-21,20.00,comephore
2020-07-22,9.00,comephore
2020-07-23,0.00,comephore
2020-07-24,2.00,comephore
2020-07-25,0.00,comephore
2020-07-26,0.00,comephore
2020-07-27,0.00,comephore
2020-07-28,0.00,comephore
2020-07-29,0.00,comephore
2020-07-30,0.00,comephore
2020-07-31,33.00,comephore
2020-08-01,0.00,comephore
2020-08-02,31.00,comephore
2020-08-03,14.00,comephore
2020-08-04,2.00,comephore
2020-08-05,0.00,comephore
2020-08-06,0.00,comephore
2020-08-07,0.00,comephore
2020-08-08,0.00,comephore
2020-08-09,0.00,comephore
2020-08-10,0.00,comephore
2020-08-11,0.00,comephore
2020-08-12,0.00,comephore
2020-08-13,0.00,comephore
2020-08-14,19.00,comephore
2020-08-15,0.00,comephore
2020-08-16,0.00,comephore
2020-08-17,0.00,comephore
2020-08-18,0.00,comephore
2020-08-19,0.00,comephore
2020-08-20,0.00,comephore
2020-08-21,0.00,comephore
2020-08-22,118.00,comephore
2020-08-23,0.00,comephore
2020-08-24,0.00,comephore
2020-08-25,0.00,comephore
2020-08-26,0.00,comephore
2020-08-27,0.00,comephore
2020-08-28,213.00,comephore
2020-08-29,0.00,comephore
2020-08-30,6.00,comephore
2020-08-31,0.00,comephore
2020-09-01,0.00,comephore
2020-09-02,0.00,comephore
2020-09-03,0.00,comephore
2020-09-04,0.00,comephore
2020-09-05,0.00,comephore
2020-09-06,0.00,comephore
2020-09-07,0.00,comephore
2020-09-08,0.00,comephore
2020-09-09,0.00,comephore
2020-09-10,0.00,comephore
2020-09-11,0.00,comephore
2020-09-12,0.00,comephore
2020-09-13,0.00,comephore
2020-09-14,0.00,comephore
2020-09-15,7.00,comephore
2020-09-16,63.00,comephore
2020-09-17,0.00,comephore
2020-09-18,0.00,comephore
2020-09-19,33.00,comephore
2020-09-20,1.00,comephore
2020-09-21,0.00,comephore
2020-09-22,91.00,comephore
2020-09-23,17.00,comephore
2020-09-24,104.00,comephore
2020-09-25,18.00,comephore
2020-09-26,0.00,comephore
2020-09-27,357.00,comephore
2020-09-28,139.00,comephore
2020-09-29,3.00,comephore
2020-09-30,0.00,comephore
2020-10-01,0.00,comephore
2020-10-02,513.00,comephore
2020-10-03,125.00,comephore
2020-10-04,148.00,comephore
2020-10-05,79.00,comephore
2020-10-06,28.00,comephore
2020-10-07,2.00,comephore
2020-10-08,0.00,comephore
2020-10-09,0.00,comephore
2020-10-10,149.00,comephore
2020-10-11,38.00,comephore
2020-10-12,0.00,comephore
2020-10-13,45.00,comephore
2020-10-14,14.00,comephore
2020-10-15,0.00,comephore
2020-10-16,0.00,comephore
2020-10-17,0.00,comephore
2020-10-18,0.00,comephore
2020-10-19,0.00,comephore
2020-10-20,0.00,comephore
2020-10-21,6.00,comephore
2020-10-22,22.00,comephore
2020-10-23,176.00,comephore
2020-10-24,0.00,comephore
2020-10-25,112.00,comephore
2020-10-26,293.00,comephore
2020-10-27,18.00,comephore
2020-10-28,22.00,comephore
2020-10-29,64.00,comephore
2020-10-30,0.00,comephore
2020-10-31,0.00,comephore
2020-11-01,0.00,comephore
2020-11-02,0.00,comephore
2020-11-03,106.00,comephore
2020-11-04,0.00,comephore
2020-11-05,0.00,comephore
2020-11-06,0.00,comephore
2020-11-07,0.00,comephore
2020-11-08,4.00,comephore
2020-11-09,0.00,comephore
2020-11-10,0.00,comephore
2020-11-11,0.00,comephore
2020-11-12,0.00,comephore
2020-11-13,0.00,comephore
2020-11-14,0.00,comephore
2020-11-15,50.00,comephore
2020-11-16,3.00,comephore
2020-11-17,0.00,comephore
2020-11-18,0.00,comephore
2020-11-19,52.00,comephore
2020-11-20,10.00,comephore
2020-11-21,0.00,comephore
2020-11-22,0.00,comephore
2020-11-23,0.00,comephore
2020-11-24,1.00,comephore
2020-11-25,0.00,comephore
2020-11-26,0.00,comephore
2020-11-27,0.00,comephore
2020-11-28,0.00,comephore
2020-11-29,0.00,comephore
2020-11-30,0.00,comephore
2020-12-01,0.00,comephore
2020-12-02,0.00,comephore
2020-12-03,1.00,comephore
2020-12-04,183.00,comephore
2020-12-05,0.00,comephore
2020-12-06,0.00,comephore
2020-12-07,16.00,comephore
2020-12-08,66.00,comephore
2020-12-09,2.00,comephore
2020-12-10,0.00,comephore
2020-12-11,115.00,comephore
2020-12-12,162.00,comephore
2020-12-13,0.00,comephore
2020-12-14,11.00,comephore
2020-12-15,152.00,comephore
2020-12-16,2.00,comephore
2020-12-17,0.00,comephore
2020-12-18,0.00,comephore
2020-12-19,9.00,comephore
2020-12-20,200.00,comephore
2020-12-21,85.00,comephore
2020-12-22,0.00,comephore
2020-12-23,133.00,comephore
2020-12-24,57.00,comephore
2020-12-25,19.00,comephore
2020-12-26,0.00,comephore
2020-12-27,30.00,comephore
2020-12-28,58.00,comephore
2020-12-29,44.00,comephore
2020-12-30,18.00,comephore
2020-12-31,47.00,comephore
2021-01-01,2.00,comephore
2021-01-02,0.00,comephore
2021-01-03,0.00,comephore
2021-01-04,0.00,comephore
2021-01-05,0.00,comephore
2021-01-06,0.00,comephore
2021-01-07,0.00,comephore
2021-01-08,0.00,comephore
2021-01-09,0.00,comephore
2021-01-10,0.00,comephore
2021-01-11,0.00,comephore
2021-01-12,190.00,comephore
2021-01-13,147.00,comephore
2021-01-14,121.00,comephore
2021-01-15,34.00,comephore
2021-01-16,30.00,comephore
2021-01-17,65.00,comephore
2021-01-18,6.00,comephore
2021-01-19,0.00,comephore
2021-01-20,0.00,comephore
2021-01-21,27.00,comephore
2021-01-22,249.00,comephore
2021-01-23,50.00,comephore
2021-01-24,17.00,comephore
2021-01-25,3.00,comephore
2021-01-26,0.00,comephore
2021-01-27,50.00,comephore
2021-01-28,106.00,comephore
2021-01-29,81.00,comephore
2021-01-30,52.00,comephore
2021-01-31,80.00,comephore
2021-02-01,4.00,comephore
2021-02-02,67.00,comephore
2021-02-03,113.00,comephore
2021-02-04,0.00,comephore
2021-02-05,2.00,comephore
2021-02-06,3.00,comephore
2021-02-07,109.00,comephore
2021-02-08,28.00,comephore
2021-02-09,25.00,comephore
2021-02-10,58.00,comephore
2021-02-11,0.00,comephore
2021-02-12,0.00,comephore
2021-02-13,0.00,comephore
2021-02-14,0.00,comephore
2021-02-15,0.00,comephore
2021-02-16,8.00,comephore
2021-02-17,0.00,comephore
2021-02-18,19.00,comephore
2021-02-19,0.00,comephore
2021-02-20,0.00,comephore
2021-02-21,0.00,comephore
2021-02-22,0.00,comephore
2021-02-23,0.00,comephore
2021-02-24,0.00,comephore
2021-02-25,0.00,comephore
2021-02-26,282.00,comephore
2021-02-27,1.00,comephore
2021-02-28,0.00,comephore
2021-03-01,0.00,comephore
2021-03-02,0.00,comephore
2021-03-03,0.00,comephore
2021-03-04,8.00,comephore
2021-03-05,0.00,comephore
2021-03-06,0.00,comephore
2021-03-07,11.00,comephore
2021-03-08,0.00,comephore
2021-03-09,0.00,comephore
2021-03-10,0.00,comephore
2021-03-11,89.00,comephore
2021-03-12,3.00,comephore
2021-03-13,77.00,comephore
2021-03-14,7.00,comephore
2021-03-15,66.00,comephore
2021-03-16,61.00,comephore
2021-03-17,46.00,comephore
2021-03-18,0.00,comephore
2021-03-19,0.00,comephore
2021-03-20,0.00,comephore
2021-03-21,0.00,comephore
2021-03-22,0.00,comephore
2021-03-23,0.00,comephore
2021-03-24,0.00,comephore
2021-03-25,0.00,comephore
2021-03-26,55.00,comephore
2021-03-27,5.00,comephore
2021-03-28,0.00,comephore
2021-03-29,0.00,comephore
2021-03-30,0.00,comephore
2021-03-31,0.00,comephore
2021-04-01,0.00,comephore
2021-04-02,0.00,comephore
2021-04-03,0.00,comephore
2021-04-04,0.00,comephore
2021-04-05,1.00,comephore
2021-04-06,15.00,comephore
2021-04-07,6.00,comephore
2021-04-08,0.00,comephore
2021-04-09,0.00,comephore
2021-04-10,0.00,comephore
2021-04-11,280.00,comephore
2021-04-12,7.00,comephore
2021-04-13,1.00,comephore
2021-04-14,0.00,comephore
2021-04-15,0.00,comephore
2021-04-16,0.00,comephore
2021-04-17,0.00,comephore
2021-04-18,1.00,comephore
2021-04-19,0.00,comephore
2021-04-20,0.00,comephore
2021-04-21,0.00,comephore
2021-04-22,0.00,comephore
2021-04-23,0.00,comephore
2021-04-24,0.00,comephore
2021-04-25,0.00,comephore
2021-04-26,0.00,comephore
2021-04-27,0.00,comephore
2021-04-28,94.00,comephore
2021-04-29,8.00,comephore
2021-04-30,166.00,comephore
2021-05-01,0.00,comephore
2021-05-02,54.00,comephore
2021-05-03,0.00,comephore
2021-05-04,1.00,comephore
2021-05-05,48.00,comephore
2021-05-06,94.00,comephore
2021-05-07,11.00,comephore
2021-05-08,0.00,comephore
2021-05-09,0.00,comephore
2021-05-10,476.00,comephore
2021-05-11,224.00,comephore
2021-05-12,0.00,comephore
2021-05-13,15.00,comephore
2021-05-14,61.00,comephore
2021-05-15,100.00,comephore
2021-05-16,52.00,comephore
2021-05-17,176.00,comephore
2021-05-18,45.00,comephore
2021-05-19,90.00,comephore
2021-05-20,3.00,comephore
2021-05-21,250.00,comephore
2021-05-22,56.00,comephore
2021-05-23,3.00,comephore
2021-05-24,28.00,comephore
2021-05-25,0.00,comephore
2021-05-26,0.00,comephore
2021-05-27,1.00,comephore
2021-05-28,0.00,comephore
2021-05-29,0.00,comephore
2021-05-30,0.00,comephore
2021-05-31,0.00,comephore
2021-06-01,0.00,comephore
2021-06-02,0.00,comephore
2021-06-03,0.00,comephore
2021-06-04,60.00,comephore
2021-06-05,182.00,comephore
2021-06-06,0.00,comephore
2021-06-07,0.00,comephore
2021-06-08,50.00,comephore
2021-06-09,457.00,comephore
2021-06-10,0.00,comephore
2021-06-11,0.00,comephore
2021-06-12,0.00,comephore
2021-06-13,0.00,comephore
2021-06-14,0.00,comephore
2021-06-15,0.00,comephore
2021-06-16,0.00,comephore
2021-06-17,16.00,comephore
2021-06-18,0.00,comephore
2021-06-19,0.00,comephore
2021-06-20,90.00,comephore
2021-06-21,72.00,comephore
2021-06-22,17.00,comephore
2021-06-23,61.00,comephore
2021-06-24,29.00,comephore
2021-06-25,0.00,comephore
2021-06-26,0.00,comephore
2021-06-27,73.00,comephore
2021-06-28,63.00,comephore
2021-06-29,48.00,comephore
2021-06-30,72.00,comephore
2021-07-01,0.00,comephore
2021-07-02,0.00,comephore
2021-07-03,7.00,comephore
2021-07-04,82.00,comephore
2021-07-05,4.00,comephore
2021-07-06,247.00,comephore
2021-07-07,0.00,comephore
2021-07-08,172.00,comephore
2021-07-09,0.00,comephore
2021-07-10,56.00,comephore
2021-07-11,0.00,comephore
2021-07-12,398.00,comephore
2021-07-13,134.00,comephore
2021-07-14,205.00,comephore
2021-07-15,399.00,comephore
2021-07-16,31.00,comephore
2021-07-17,0.00,comephore
2021-07-18,0.00,comephore
2021-07-19,0.00,comephore
2021-07-20,0.00,comephore
2021-07-21,0.00,comephore
2021-07-22,0.00,comephore
2021-07-23,0.00,comephore
2021-07-24,140.00,comephore
2021-07-25,34.00,comephore
2021-07-26,0.00,comephore
2021-07-27,16.00,comephore
2021-07-28,2.00,comephore
2021-07-29,0.00,comephore
2021-07-30,11.00,comephore
2021-07-31,46.00,comephore
2021-08-01,0.00,comephore
2021-08-02,0.00,comephore
2021-08-03,126.00,comephore
2021-08-04,6.00,comephore
2021-08-05,61.00,comephore
2021-08-06,0.00,comephore
2021-08-07,188.00,comephore
2021-08-08,3.00,comephore
2021-08-09,0.00,comephore
2021-08-10,0.00,comephore
2021-08-11,0.00,comephore
2021-08-12,0.00,comephore
2021-08-13,0.00,comephore
2021-08-14,0.00,comephore
2021-08-15,0.00,comephore
2021-08-16,14.00,comephore
2021-08-17,1.00,comephore
2021-08-18,0.00,comephore
2021-08-19,9.00,comephore
2021-08-20,0.00,comephore
2021-08-21,0.00,comephore
2021-08-22,29.00,comephore
2021-08-23,1.00,comephore
2021-08-24,2.00,comephore
2021-08-25,0.00,comephore
2021-08-26,0.00,comephore
2021-08-27,0.00,comephore
2021-08-28,0.00,comephore
2021-08-29,0.00,comephore
2021-08-30,0.00,comephore
2021-08-31,1.00,comephore
2021-09-01,0.00,comephore
2021-09-02,0.00,comephore
2021-09-03,0.00,comephore
2021-09-04,0.00,comephore
2021-09-05,0.00,comephore
2021-09-06,0.00,comephore
2021-09-07,0.00,comephore
2021-09-08,0.00,comephore
2021-09-09,0.00,comephore
2021-09-10,29.00,comephore
2021-09-11,32.00,comephore
2021-09-12,2.00,comephore
2021-09-13,0.00,comephore
2021-09-14,20.00,comephore
2021-09-15,94.00,comephore
2021-09-16,32.00,comephore
2021-09-17,0.00,comephore
2021-09-18,2.00,comephore
2021-09-19,138.00,comephore
2021-09-20,36.00,comephore
2021-09-21,0.00,comephore
2021-09-22,0.00,comephore
2021-09-23,0.00,comephore
2021-09-24,0.00,comephore
2021-09-25,0.00,comephore
2021-09-26,23.00,comephore
2021-09-27,3.00,comephore
2021-09-28,0.00,comephore
2021-09-29,47.00,comephore
2021-09-30,0.00,comephore
2021-10-01,0.00,comephore
2021-10-02,0.00,comephore
2021-10-03,369.00,comephore
2021-10-04,171.00,comephore
2021-10-05,57.00,comephore
2021-10-06,4.00,comephore
2021-10-07,0.00,comephore
2021-10-08,0.00,comephore
2021-10-09,0.00,comephore
2021-10-10,0.00,comephore
2021-10-11,0.00,comephore
2021-10-12,0.00,comephore
2021-10-13,0.00,comephore
2021-10-14,0.00,comephore
2021-10-15,3.00,comephore
2021-10-16,0.00,comephore
2021-10-17,0.00,comephore
2021-10-18,0.00,comephore
2021-10-19,0.00,comephore
2021-10-20,3.00,comephore
2021-10-21,68.00,comephore
2021-10-22,0.00,comephore
2021-10-23,0.00,comephore
2021-10-24,1.00,comephore
2021-10-25,3.00,comephore
2021-10-26,5.00,comephore
2021-10-27,0.00,comephore
2021-10-28,0.00,comephore
2021-10-29,0.00,comephore
2021-10-30,80.00,comephore
2021-10-31,119.00,comephore
2021-11-01,33.00,comephore
2021-11-02,63.00,comephore
2021-11-03,192.00,comephore
2021-11-04,9.00,comephore
2021-11-05,7.00,comephore
2021-11-06,0.00,comephore
2021-11-07,0.00,comephore
2021-11-08,0.00,comephore
2021-11-09,0.00,comephore
2021-11-10,0.00,comephore
2021-11-11,0.00,comephore
2021-11-12,0.00,comephore
2021-11-13,0.00,comephore
2021-11-14,0.00,comephore
2021-11-15,0.00,comephore
2021-11-16,0.00,comephore
2021-11-17,0.00,comephore
2021-11-18,0.00,comephore
2021-11-19,0.00,comephore
2021-11-20,1.00,comephore
2021-11-21,2.00,comephore
2021-11-22,0.00,comephore
2021-11-23,0.00,comephore
2021-11-24,0.00,comephore
2021-11-25,49.00,comephore
2021-11-26,6.00,comephore
2021-11-27,39.00,comephore
2021-11-28,87.00,comephore
2021-11-29,25.00,comephore
2021-11-30,1.00,comephore
2021-12-01,0.00,comephore
2021-12-02,10.00,comephore
2021-12-03,62.00,comephore
2021-12-04,222.00,comephore
2021-12-05,44.00,comephore
2021-12-06,28.00,comephore
2021-12-07,26.00,comephore
2021-12-08,79.00,comephore
2021-12-09,9.00,comephore
2021-12-10,93.00,comephore
2021-12-11,0.00,comephore
2021-12-12,0.00,comephore
2021-12-13,0.00,comephore
2021-12-14,0.00,comephore
2021-12-15,0.00,comephore
2021-12-16,0.00,comephore
2021-12-17,0.00,comephore
2021-12-18,0.00,comephore
2021-12-19,0.00,comephore
2021-12-20,0.00,comephore
2021-12-21,0.00,comephore
2021-12-22,0.00,comephore
2021-12-23,0.00,comephore
2021-12-24,0.00,comephore
2021-12-25,38.00,comephore
2021-12-26,50.00,comephore
2021-12-27,63.00,comephore
2021-12-28,168.00,comephore
2021-12-29,145.00,comephore
2021-12-30,26.00,comephore
2021-12-31,0.00,comephore
2022-01-01,0.00,comephore
2022-01-02,0.00,comephore
2022-01-03,1.00,comephore
2022-01-04,166.00,comephore
2022-01-05,39.00,comephore
2022-01-06,0.00,comephore
2022-01-07,22.00,comephore
2022-01-08,75.00,comephore
2022-01-09,15.00,comephore
2022-01-10,0.00,comephore
2022-01-11,1.00,comephore
2022-01-12,2.00,comephore
2022-01-13,0.00,comephore
2022-01-14,0.00,comephore
2022-01-15,0.00,comephore
2022-01-16,0.00,comephore
2022-01-17,1.00,comephore
2022-01-18,0.00,comephore
2022-01-19,0.00,comephore
2022-01-20,25.00,comephore
2022-01-21,1.00,comephore
2022-01-22,0.00,comephore
2022-01-23,0.00,comephore
2022-01-24,0.00,comephore
2022-01-25,0.00,comephore
2022-01-26,0.00,comephore
2022-01-27,0.00,comephore
2022-01-28,0.00,comephore
2022-01-29,0.00,comephore
2022-01-30,11.00,comephore
2022-01-31,36.00,comephore
2022-02-01,0.00,comephore
2022-02-02,20.00,comephore
2022-02-03,0.00,comephore
2022-02-04,5.00,comephore
2022-02-05,20.00,comephore
2022-02-06,11.00,comephore
2022-02-07,36.00,comephore
2022-02-08,1.00,comephore
2022-02-09,0.00,comephore
2022-02-10,4.00,comephore
2022-02-11,51.00,comephore
2022-02-12,0.00,comephore
2022-02-13,0.00,comephore
2022-02-14,151.00,comephore
2022-02-15,1.00,comephore
2022-02-16,106.00,comephore
2022-02-17,39.00,comephore
2022-02-18,1.00,comephore
2022-02-19,0.00,comephore
2022-02-20,11.00,comephore
2022-02-21,22.00,comephore
2022-02-22,11.00,comephore
2022-02-23,23.00,comephore
2022-02-24,15.00,comephore
2022-02-25,0.00,comephore
2022-02-26,0.00,comephore
2022-02-27,0.00,comephore
2022-02-28,0.00,comephore
2022-03-01,0.00,comephore
2022-03-02,0.00,comephore
2022-03-03,0.00,comephore
2022-03-04,0.00,comephore
2022-03-05,0.00,comephore
2022-03-06,0.00,comephore
2022-03-07,0.00,comephore
2022-03-08,0.00,comephore
2022-03-09,0.00,comephore
2022-03-10,0.00,comephore
2022-03-11,0.00,comephore
2022-03-12,3.00,comephore
2022-03-13,144.00,comephore
2022-03-14,13.00,comephore
2022-03-15,42.00,comephore
2022-03-16,0.00,comephore
2022-03-17,0.00,comephore
2022-03-18,0.00,comephore
2022-03-19,0.00,comephore
2022-03-20,5.00,comephore
2022-03-21,0.00,comephore
2022-03-22,0.00,comephore
2022-03-23,0.00,comephore
2022-03-24,0.00,comephore
2022-03-25,0.00,comephore
2022-03-26,0.00,comephore
2022-03-27,0.00,comephore
2022-03-28,0.00,comephore
2022-03-29,1.00,comephore
2022-03-30,36.00,comephore
2022-03-31,16.00,comephore
2022-04-01,0.00,comephore
2022-04-02,22.00,comephore
2022-04-03,0.00,comephore
2022-04-04,1.00,comephore
2022-04-05,0.00,comephore
2022-04-06,0.00,comephore
2022-04-07,113.00,comephore
2022-04-08,93.00,comephore
2022-04-09,58.00,comephore
2022-04-10,0.00,comephore
2022-04-11,0.00,comephore
2022-04-12,0.00,comephore
2022-04-13,0.00,comephore
2022-04-14,0.00,comephore
2022-04-15,0.00,comephore
2022-04-16,0.00,comephore
2022-04-17,0.00,comephore
2022-04-18,0.00,comephore
2022-04-19,0.00,comephore
2022-04-20,0.00,comephore
2022-04-21,0.00,comephore
2022-04-22,0.00,comephore
2022-04-23,44.00,comephore
2022-04-24,34.00,comephore
2022-04-25,36.00,comephore
2022-04-26,18.00,comephore
2022-04-27,0.00,comephore
2022-04-28,0.00,comephore
2022-04-29,37.00,comephore
2022-04-30,0.00,comephore
2022-05-01,0.00,comephore
2022-05-02,0.00,comephore
2022-05-03,39.00,comephore
2022-05-04,125.00,comephore
2022-05-05,0.00,comephore
2022-05-06,0.00,comephore
2022-05-07,0.00,comephore
2022-05-08,0.00,comephore
2022-05-09,0.00,comephore
2022-05-10,0.00,comephore
2022-05-11,0.00,comephore
2022-05-12,11.00,comephore
2022-05-13,34.00,comephore
2022-05-14,0.00,comephore
2022-05-15,0.00,comephore
2022-05-16,11.00,comephore
2022-05-17,0.00,comephore
2022-05-18,0.00,comephore
2022-05-19,1.00,comephore
2022-05-20,0.00,comephore
2022-05-21,0.00,comephore
2022-05-22,2.00,comephore
2022-05-23,40.00,comephore
2022-05-24,20.00,comephore
2022-05-25,0.00,comephore
2022-05-26,0.00,comephore
2022-05-27,0.00,comephore
2022-05-28,0.00,comephore
2022-05-29,0.00,comephore
2022-05-30,0.00,comephore
2022-05-31,0.00,comephore
2022-06-01,0.00,comephore
2022-06-02,0.00,comephore
2022-06-03,38.00,comephore
2022-06-04,51.00,comephore
2022-06-05,162.00,comephore
2022-06-06,24.00,comephore
2022-06-07,0.00,comephore
2022-06-08,114.00,comephore
2022-06-09,13.00,comephore
2022-06-10,0.00,comephore
2022-06-11,0.00,comephore
2022-06-12,5.00,comephore
2022-06-13,0.00,comephore
2022-06-14,0.00,comephore
2022-06-15,16.00,comephore
2022-06-16,0.00,comephore
2022-06-17,0.00,comephore
2022-06-18,0.00,comephore
2022-06-19,0.00,comephore
2022-06-20,0.00,comephore
2022-06-21,8.00,comephore
2022-06-22,94.00,comephore
2022-06-23,85.00,comephore
2022-06-24,152.00,comephore
2022-06-25,26.00,comephore
2022-06-26,27.00,comephore
2022-06-27,24.00,comephore
2022-06-28,7.00,comephore
2022-06-29,0.00,comephore
2022-06-30,94.00,comephore
2022-07-01,34.00,comephore
2022-07-02,0.00,comephore
2022-07-03,5.00,comephore
2022-07-04,47.00,comephore
2022-07-05,0.00,comephore
2022-07-06,0.00,comephore
2022-07-07,0.00,comephore
2022-07-08,0.00,comephore
2022-07-09,0.00,comephore
2022-07-10,0.00,comephore
2022-07-11,0.00,comephore
2022-07-12,0.00,comephore
2022-07-13,0.00,comephore
2022-07-14,0.00,comephore
2022-07-15,0.00,comephore
2022-07-16,0.00,comephore
2022-07-17,0.00,comephore
2022-07-18,0.00,comephore
2022-07-19,0.00,comephore
2022-07-20,0.00,comephore
2022-07-21,0.00,comephore
2022-07-22,61.00,comephore
2022-07-23,0.00,comephore
2022-07-24,0.00,comephore
2022-07-25,0.00,comephore
2022-07-26,0.00,comephore
2022-07-27,1.00,comephore
2022-07-28,0.00,comephore
2022-07-29,14.00,comephore
2022-07-30,0.00,comephore
2022-07-31,0.00,comephore
2022-08-01,0.00,comephore
2022-08-02,0.00,comephore
2022-08-03,0.00,comephore
2022-08-04,16.00,comephore
2022-08-05,51.00,comephore
2022-08-06,0.00,comephore
2022-08-07,0.00,comephore
2022-08-08,0.00,comephore
2022-08-09,0.00,comephore
2022-08-10,0.00,comephore
2022-08-11,0.00,comephore
2022-08-12,0.00,comephore
2022-08-13,0.00,comephore
2022-08-14,45.00,comephore
2022-08-15,19.00,comephore
2022-08-16,10.00,comephore
2022-08-17,51.00,comephore
2022-08-18,21.00,comephore
2022-08-19,94.00,comephore
2022-08-20,9.00,comephore
2022-08-21,0.00,comephore
2022-08-22,0.00,comephore
2022-08-23,0.00,comephore
2022-08-24,0.00,comephore
2022-08-25,0.00,comephore
2022-08-26,0.00,comephore
2022-08-27,1.00,comephore
2022-08-28,0.00,comephore
2022-08-29,1.00,comephore
2022-08-30,53.00,comephore
2022-08-31,0.00,comephore
2022-09-01,0.00,comephore
2022-09-02,6.00,comephore
2022-09-03,17.00,comephore
2022-09-04,0.00,comephore
2022-09-05,0.00,comephore
2022-09-06,37.00,comephore
2022-09-07,46.00,comephore
2022-09-08,13.00,comephore
2022-09-09,13.00,comephore
2022-09-10,0.00,comephore
2022-09-11,0.00,comephore
2022-09-12,0.00,comephore
2022-09-13,0.00,comephore
2022-09-14,213.00,comephore
2022-09-15,159.00,comephore
2022-09-16,1.00,comephore
2022-09-17,0.00,comephore
2022-09-18,0.00,comephore
2022-09-19,0.00,comephore
2022-09-20,0.00,comephore
2022-09-21,0.00,comephore
2022-09-22,0.00,comephore
2022-09-23,0.00,comephore
2022-09-24,9.00,comephore
2022-09-25,0.00,comephore
2022-09-26,57.00,comephore
2022-09-27,55.00,comephore
2022-09-28,365.00,comephore
2022-09-29,63.00,comephore
2022-09-30,0.00,comephore
2022-10-01,0.00,comephore
2022-10-02,24.00,comephore
2022-10-03,0.00,comephore
2022-10-04,0.00,comephore
2022-10-05,0.00,comephore
2022-10-06,0.00,comephore
2022-10-07,0.00,comephore
2022-10-08,3.00,comephore
2022-10-09,0.00,comephore
2022-10-10,0.00,comephore
2022-10-11,0.00,comephore
2022-10-12,1.00,comephore
2022-10-13,6.00,comephore
2022-10-14,48.00,comephore
2022-10-15,0.00,comephore
2022-10-16,0.00,comephore
2022-10-17,0.00,comephore
2022-10-18,0.00,comephore
2022-10-19,0.00,comephore
2022-10-20,7.00,comephore
2022-10-21,308.00,comephore
2022-10-22,1.00,comephore
2022-10-23,0.00,comephore
2022-10-24,0.00,comephore
2022-10-25,0.00,comephore
2022-10-26,4.00,comephore
2022-10-27,0.00,comephore
2022-10-28,0.00,comephore
2022-10-29,0.00,comephore
2022-10-30,0.00,comephore
2022-10-31,5.00,comephore
2022-11-01,70.00,comephore
2022-11-02,0.00,comephore
2022-11-03,65.00,comephore
2022-11-04,123.00,comephore
2022-11-05,2.00,comephore
2022-11-06,0.00,comephore
2022-11-07,0.00,comephore
2022-11-08,0.00,comephore
2022-11-09,230.00,comephore
2022-11-10,0.00,comephore
2022-11-11,0.00,comephore
2022-11-12,0.00,comephore
2022-11-13,2.00,comephore
2022-11-14,34.00,comephore
2022-11-15,95.00,comephore
2022-11-16,28.00,comephore
2022-11-17,125.00,comephore
2022-11-18,4.00,comephore
2022-11-19,9.00,comephore
2022-11-20,9.00,comephore
2022-11-21,23.00,comephore
2022-11-22,23.00,comephore
2022-11-23,28.00,comephore
2022-11-24,2.00,comephore
2022-11-25,86.00,comephore
2022-11-26,0.00,comephore
2022-11-27,0.00,comephore
2022-11-28,49.00,comephore
2022-11-29,27.00,comephore
2022-11-30,0.00,comephore
2022-12-01,0.00,comephore
2022-12-02,16.00,comephore
2022-12-03,0.00,comephore
2022-12-04,17.00,comephore
2022-12-05,0.00,comephore
2022-12-06,0.00,comephore
2022-12-07,0.00,comephore
2022-12-08,0.00,comephore
2022-12-09,27.00,comephore
2022-12-10,2.00,comephore
2022-12-11,0.00,comephore
2022-12-12,0.00,comephore
2022-12-13,4.00,comephore
2022-12-14,75.00,comephore
2022-12-15,33.00,comephore
2022-12-16,1.00,comephore
2022-12-17,0.00,comephore
2022-12-18,2.00,comephore
2022-12-19,0.00,comephore
2022-12-20,5.00,comephore
2022-12-21,85.00,comephore
2022-12-22,76.00,comephore
2022-12-23,164.00,comephore
2022-12-24,34.00,comephore
2022-12-25,0.00,comephore
2022-12-26,36.00,comephore
2022-12-27,9.00,comephore
2022-12-28,0.00,comephore
2022-12-29,152.00,comephore
2022-12-30,12.00,comephore
2022-12-31,0.00,comephore
2023-01-01,0.00,comephore
2023-01-02,95.00,comephore
2023-01-03,5.00,comephore
2023-01-04,23.00,comephore
2023-01-05,95.00,comephore
2023-01-06,4.00,comephore
2023-01-07,0.00,comephore
2023-01-08,311.00,comephore
2023-01-09,12.00,comephore
2023-01-10,0.00,comephore
2023-01-11,31.00,comephore
2023-01-12,0.00,comephore
2023-01-13,43.00,comephore
2023-01-14,10.00,comephore
2023-01-15,87.00,comephore
2023-01-16,35.00,comephore
2023-01-17,60.00,comephore
2023-01-18,7.00,comephore
2023-01-19,0.00,comephore
2023-01-20,0.00,comephore
2023-01-21,0.00,comephore
2023-01-22,0.00,comephore
2023-01-23,0.00,comephore
2023-01-24,0.00,comephore
2023-01-25,0.00,comephore
2023-01-26,0.00,comephore
2023-01-27,0.00,comephore
2023-01-28,0.00,comephore
2023-01-29,0.00,comephore
2023-01-30,14.00,comephore
2023-01-31,0.00,comephore
2023-02-01,0.00,comephore
2023-02-02,0.00,comephore
2023-02-03,0.00,comephore
2023-02-04,3.00,comephore
2023-02-05,19.00,comephore
2023-02-06,0.00,comephore
2023-02-07,0.00,comephore
2023-02-08,0.00,comephore
2023-02-09,0.00,comephore
2023-02-10,0.00,comephore
2023-02-11,0.00,comephore
2023-02-12,0.00,comephore
2023-02-13,0.00,comephore
2023-02-14,0.00,comephore
2023-02-15,0.00,comephore
2023-02-16,0.00,comephore
2023-02-17,2.00,comephore
2023-02-18,0.00,comephore
2023-02-19,2.00,comephore
2023-02-20,0.00,comephore
2023-02-21,0.00,comephore
2023-02-22,28.00,comephore
2023-02-23,5.00,comephore
2023-02-24,13.00,comephore
2023-02-25,0.00,comephore
2023-02-26,0.00,comephore
2023-02-27,0.00,comephore
2023-02-28,0.00,comephore
2023-03-01,0.00,comephore
2023-03-02,0.00,comephore
2023-03-03,0.00,comephore
2023-03-04,0.00,comephore
2023-03-05,0.00,comephore
2023-03-06,0.00,comephore
2023-03-07,0.00,comephore
2023-03-08,35.00,comephore
2023-03-09,42.00,comephore
2023-03-10,129.00,comephore
2023-03-11,70.00,comephore
2023-03-12,33.00,comephore
2023-03-13,207.00,comephore
2023-03-14,95.00,comephore
2023-03-15,0.00,comephore
2023-03-16,0.00,comephore
2023-03-17,0.00,comephore
2023-03-18,0.00,comephore
2023-03-19,70.00,comephore
2023-03-20,0.00,comephore
2023-03-21,2.00,comephore
2023-03-22,0.00,comephore
2023-03-23,3.00,comephore
2023-03-24,160.00,comephore
2023-03-25,29.00,comephore
2023-03-26,24.00,comephore
2023-03-27,9.00,comephore
2023-03-28,0.00,comephore
2023-03-29,0.00,comephore
2023-03-30,0.00,comephore
2023-03-31,20.00,comephore
2023-04-01,0.00,comephore
2023-04-02,99.00,comephore
2023-04-03,0.00,comephore
2023-04-04,0.00,comephore
2023-04-05,0.00,comephore
2023-04-06,0.00,comephore
2023-04-07,123.00,comephore
2023-04-08,0.00,comephore
2023-04-09,0.00,comephore
2023-04-10,0.00,comephore
2023-04-11,35.00,comephore
2023-04-12,64.00,comephore
2023-04-13,0.00,comephore
2023-04-14,11.00,comephore
2023-04-15,118.00,comephore
2023-04-16,0.00,comephore
2023-04-17,0.00,comephore
2023-04-18,0.00,comephore
2023-04-19,0.00,comephore
2023-04-20,0.00,comephore
2023-04-21,0.00,comephore
2023-04-22,72.00,comephore
2023-04-23,98.00,comephore
2023-04-24,0.00,comephore
2023-04-25,8.00,comephore
2023-04-26,0.00,comephore
2023-04-27,0.00,comephore
2023-04-28,26.00,comephore
2023-04-29,16.00,comephore
2023-04-30,0.00,comephore
2023-05-01,0.00,comephore
2023-05-02,0.00,comephore
2023-05-03,0.00,comephore
2023-05-04,0.00,comephore
2023-05-05,9.00,comephore
2023-05-06,0.00,comephore
2023-05-07,33.00,comephore
2023-05-08,0.00,comephore
2023-05-09,134.00,comephore
2023-05-10,3.00,comephore
2023-05-11,69.00,comephore
2023-05-12,41.00,comephore
2023-05-13,1.00,comephore
2023-05-14,49.00,comephore
2023-05-15,1.00,comephore
2023-05-16,0.00,comephore
2023-05-17,0.00,comephore
2023-05-18,0.00,comephore
2023-05-19,0.00,comephore
2023-05-20,0.00,comephore
2023-05-21,1.00,comephore
2023-05-22,0.00,comephore
2023-05-23,0.00,comephore
2023-05-24,0.00,comephore
2023-05-25,0.00,comephore
2023-05-26,0.00,comephore
2023-05-27,0.00,comephore
2023-05-28,0.00,comephore
2023-05-29,0.00,comephore
2023-05-30,0.00,comephore
2023-05-31,49.00,comephore
2023-06-01,0.00,comephore
2023-06-02,0.00,comephore
2023-06-03,0.00,comephore
2023-06-04,0.00,comephore
2023-06-05,0.00,comephore
2023-06-06,0.00,comephore
2023-06-07,0.00,comephore
2023-06-08,0.00,comephore
2023-06-09,17.00,comephore
2023-06-10,6.00,comephore
2023-06-11,26.00,comephore
2023-06-12,0.00,comephore
2023-06-13,1.00,comephore
2023-06-14,0.00,comephore
2023-06-15,0.00,comephore
2023-06-16,0.00,comephore
2023-06-17,0.00,comephore
2023-06-18,60.00,comephore
2023-06-19,60.00,comephore
2023-06-20,0.00,comephore
2023-06-21,90.00,comephore
2023-06-22,269.00,comephore
2023-06-23,0.00,comephore
2023-06-24,0.00,comephore
2023-06-25,0.00,comephore
2023-06-26,0.00,comephore
2023-06-27,0.00,comephore
2023-06-28,0.00,comephore
2023-06-29,0.00,comephore
2023-06-30,365.00,comephore
2023-07-01,0.00,comephore
2023-07-02,17.00,comephore
2023-07-03,0.00,comephore
2023-07-04,89.00,comephore
2023-07-05,4.00,comephore
2023-07-06,0.00,comephore
2023-07-07,0.00,comephore
2023-07-08,0.00,comephore
2023-07-09,0.00,comephore
2023-07-10,0.00,comephore
2023-07-11,31.00,comephore
2023-07-12,0.00,comephore
2023-07-13,0.00,comephore
2023-07-14,0.00,comephore
2023-07-15,344.00,comephore
2023-07-16,24.00,comephore
2023-07-17,0.00,comephore
2023-07-18,7.00,comephore
2023-07-19,0.00,comephore
2023-07-20,0.00,comephore
2023-07-21,7.00,comephore
2023-07-22,0.00,comephore
2023-07-23,0.00,comephore
2023-07-24,33.00,comephore
2023-07-25,51.00,comephore
2023-07-26,10.00,comephore
2023-07-27,0.00,comephore
2023-07-28,1.00,comephore
2023-07-29,32.00,comephore
2023-07-30,8.00,comephore
2023-07-31,0.00,comephore
2023-08-01,0.00,comephore
2023-08-02,28.00,comephore
2023-08-03,26.00,comephore
2023-08-04,40.00,comephore
2023-08-05,5.00,comephore
2023-08-06,27.00,comephore
2023-08-07,0.00,comephore
2023-08-08,0.00,comephore
2023-08-09,0.00,comephore
2023-08-10,0.00,comephore
2023-08-11,0.00,comephore
2023-08-12,0.00,comephore
2023-08-13,110.00,comephore
2023-08-14,22.00,comephore
2023-08-15,23.00,comephore
2023-08-16,1.00,comephore
2023-08-17,6.00,comephore
2023-08-18,0.00,comephore
2023-08-19,0.00,comephore
2023-08-20,0.00,comephore
2023-08-21,0.00,comephore
2023-08-22,0.00,comephore
2023-08-23,0.00,comephore
2023-08-24,15.00,comephore
2023-08-25,160.00,comephore
2023-08-26,12.00,comephore
2023-08-27,0.00,comephore
2023-08-28,36.00,comephore
2023-08-29,39.00,comephore
2023-08-30,0.00,comephore
2023-08-31,2.00,comephore
2023-09-01,0.00,comephore
2023-09-02,0.00,comephore
2023-09-03,1.00,comephore
2023-09-04,0.00,comephore
2023-09-05,0.00,comephore
2023-09-06,0.00,comephore
2023-09-07,0.00,comephore
2023-09-08,0.00,comephore
2023-09-09,0.00,comephore
2023-09-10,0.00,comephore
2023-09-11,0.00,comephore
2023-09-12,61.00,comephore
2023-09-13,87.00,comephore
2023-09-14,0.00,comephore
2023-09-15,0.00,comephore
2023-09-16,23.00,comephore
2023-09-17,9.00,comephore
2023-09-18,205.00,comephore
2023-09-19,0.00,comephore
2023-09-20,0.00,comephore
2023-09-21,229.00,comephore
2023-09-22,28.00,comephore
2023-09-23,15.00,comephore
2023-09-24,0.00,comephore
2023-09-25,0.00,comephore
2023-09-26,1.00,comephore
2023-09-27,0.00,comephore
2023-09-28,0.00,comephore
2023-09-29,0.00,comephore
2023-09-30,1.00,comephore
2023-10-01,0.00,comephore
2023-10-02,0.00,comephore
2023-10-03,5.00,comephore
2023-10-04,0.00,comephore
2023-10-05,0.00,comephore
2023-10-06,0.00,comephore
2023-10-07,0.00,comephore
2023-10-08,0.00,comephore
2023-10-09,0.00,comephore
2023-10-10,0.00,comephore
2023-10-11,0.00,comephore
2023-10-12,0.00,comephore
2023-10-13,9.00,comephore
2023-10-14,25.00,comephore
2023-10-15,0.00,comephore
2023-10-16,0.00,comephore
2023-10-17,0.00,comephore
2023-10-18,44.00,comephore
2023-10-19,116.00,comephore
2023-10-20,466.00,comephore
2023-10-21,14.00,comephore
2023-10-22,0.00,comephore
2023-10-23,322.00,comephore
2023-10-24,291.00,comephore
2023-10-25,57.00,comephore
2023-10-26,236.00,comephore
2023-10-27,78.00,comephore
2023-10-28,7.00,comephore
2023-10-29,5.00,comephore
2023-10-30,218.00,comephore
2023-10-31,43.00,comephore
2023-11-01,0.00,comephore
2023-11-02,268.00,comephore
2023-11-03,0.00,comephore
2023-11-04,104.00,comephore
2023-11-05,133.00,comephore
2023-11-06,24.00,comephore
2023-11-07,77.00,comephore
2023-11-08,0.00,comephore
2023-11-09,106.00,comephore
2023-11-10,92.00,comephore
2023-11-11,14.00,comephore
2023-11-12,52.00,comephore
2023-11-13,99.00,comephore
2023-11-14,308.00,comephore
2023-11-15,24.00,comephore
2023-11-16,0.00,comephore
2023-11-17,9.00,comephore
2023-11-18,0.00,comephore
2023-11-19,45.00,comephore
2023-11-20,1.00,comephore
2023-11-21,57.00,comephore
2023-11-22,0.00,comephore
2023-11-23,0.00,comephore
2023-11-24,30.00,comephore
2023-11-25,0.00,comephore
2023-11-26,0.00,comephore
2023-11-27,60.00,comephore
2023-11-28,22.00,comephore
2023-11-29,0.00,comephore
2023-11-30,236.00,comephore
2023-12-01,4.00,comephore
2023-12-02,2.00,comephore
2023-12-03,0.00,comephore
2023-12-04,9.00,comephore
2023-12-05,57.00,comephore
2023-12-06,26.00,comephore
2023-12-07,0.00,comephore
2023-12-08,110.00,comephore
2023-12-09,110.00,comephore
2023-12-10,20.00,comephore
2023-12-11,163.00,comephore
2023-12-12,135.00,comephore
2023-12-13,40.00,comephore
2023-12-14,25.00,comephore
2023-12-15,0.00,comephore
2023-12-16,0.00,comephore
2023-12-17,0.00,comephore
2023-12-18,0.00,comephore
2023-12-19,1.00,comephore
2023-12-20,69.00,comephore
2023-12-21,40.00,comephore
2023-12-22,50.00,comephore
2023-12-23,4.00,comephore
2023-12-24,0.00,comephore
2023-12-25,0.00,comephore
2023-12-26,0.00,comephore
2023-12-27,0.00,comephore
2023-12-28,10.00,comephore
2023-12-29,11.00,comephore
2023-12-30,0.00,comephore
2023-12-31,79.00,comephore
2024-01-01,0.00,comephore
2024-01-02,102.00,comephore
2024-01-03,15.00,comephore
2024-01-04,1.00,comephore
2024-01-05,57.00,comephore
2024-01-06,8.00,comephore
2024-01-07,0.00,comephore
2024-01-08,0.00,comephore
2024-01-09,20.00,comephore
2024-01-10,3.00,comephore
2024-01-11,0.00,comephore
2024-01-12,0.00,comephore
2024-01-13,0.00,comephore
2024-01-14,0.00,comephore
2024-01-15,0.00,comephore
2024-01-16,0.00,comephore
2024-01-17,215.00,comephore
2024-01-18,44.00,comephore
2024-01-19,0.00,comephore
2024-01-20,0.00,comephore
2024-01-21,0.00,comephore
2024-01-22,126.00,comephore
2024-01-23,0.00,comephore
2024-01-24,0.00,comephore
2024-01-25,0.00,comephore
2024-01-26,25.00,comephore
2024-01-27,0.00,comephore
2024-01-28,0.00,comephore
2024-01-29,0.00,comephore
2024-01-30,0.00,comephore
2024-01-31,0.00,comephore
2024-02-01,0.00,comephore
2024-02-02,0.00,comephore
2024-02-03,0.00,comephore
2024-02-04,0.00,comephore
2024-02-05,0.00,comephore
2024-02-06,0.00,comephore
2024-02-07,129.00,comephore
2024-02-08,59.00,comephore
2024-02-09,35.00,comephore
2024-02-10,144.00,comephore
2024-02-11,17.00,comephore
2024-02-12,0.00,comephore
2024-02-13,0.00,comephore
2024-02-14,0.00,comephore
2024-02-15,0.00,comephore
2024-02-16,0.00,comephore
2024-02-17,12.00,comephore
2024-02-18,24.00,comephore
2024-02-19,23.00,comephore
2024-02-20,4.00,comephore
2024-02-21,34.00,comephore
2024-02-22,177.00,comephore
2024-02-23,25.00,comephore
2024-02-24,6.00,comephore
2024-02-25,49.00,comephore
2024-02-26,33.00,comephore
2024-02-27,0.00,comephore
2024-02-28,0.00,comephore
2024-02-29,0.00,comephore
2024-03-01,0.00,comephore
2024-03-02,0.00,comephore
2024-03-03,23.00,comephore
2024-03-04,4.00,comephore
2024-03-05,2.00,comephore
2024-03-06,0.00,comephore
2024-03-07,0.00,comephore
2024-03-08,0.00,comephore
2024-03-09,0.00,comephore
2024-03-10,22.00,comephore
2024-03-11,14.00,comephore
2024-03-12,48.00,comephore
2024-03-13,1.00,comephore
2024-03-14,0.00,comephore
2024-03-15,74.00,comephore
2024-03-16,35.00,comephore
2024-03-17,2.00,comephore
2024-03-18,186.00,comephore
2024-03-19,0.00,comephore
2024-03-20,0.00,comephore
2024-03-21,4.00,comephore
2024-03-22,0.00,comephore
2024-03-23,1.00,comephore
2024-03-24,2.00,comephore
2024-03-25,2.00,comephore
2024-03-26,195.00,comephore
2024-03-27,170.00,comephore
2024-03-28,16.00,comephore
2024-03-29,4.00,comephore
2024-03-30,95.00,comephore
2024-03-31,141.00,comephore
2024-04-01,66.00,comephore
2024-04-02,15.00,comephore
2024-04-03,9.00,comephore
2024-04-04,0.00,comephore
2024-04-05,0.00,comephore
2024-04-06,0.00,comephore
2024-04-07,0.00,comephore
2024-04-08,0.00,comephore
2024-04-09,130.00,comephore
2024-04-10,0.00,comephore
2024-04-11,0.00,comephore
2024-04-12,0.00,comephore
2024-04-13,0.00,comephore
2024-04-14,0.00,comephore
2024-04-15,0.00,comephore
2024-04-16,83.00,comephore
2024-04-17,91.00,comephore
2024-04-18,31.00,comephore
2024-04-19,42.00,comephore
2024-04-20,0.00,comephore
2024-04-21,21.00,comephore
2024-04-22,2.00,comephore
2024-04-23,0.00,comephore
2024-04-24,0.00,comephore
2024-04-25,0.00,comephore
2024-04-26,36.00,comephore
2024-04-27,0.00,comephore
2024-04-28,657.00,comephore
2024-04-29,26.00,comephore
2024-04-30,0.00,comephore
2024-05-01,0.00,comephore
2024-05-02,324.00,comephore
2024-05-03,0.00,comephore
2024-05-04,34.00,comephore
2024-05-05,34.00,comephore
2024-05-06,78.00,comephore
2024-05-07,19.00,comephore
2024-05-08,0.00,comephore
2024-05-09,0.00,comephore
2024-05-10,0.00,comephore
2024-05-11,0.00,comephore
2024-05-12,0.00,comephore
2024-05-13,0.00,comephore
2024-05-14,182.00,comephore
2024-05-15,36.00,comephore
2024-05-16,60.00,comephore
2024-05-17,0.00,comephore
2024-05-18,2.00,comephore
2024-05-19,0.00,comephore
2024-05-20,116.00,comephore
2024-05-21,11.00,comephore
2024-05-22,0.00,comephore
2024-05-23,124.00,comephore
2024-05-24,3.00,comephore
2024-05-25,0.00,comephore
2024-05-26,19.00,comephore
2024-05-27,2.00,comephore
2024-05-28,5.00,comephore
2024-05-29,119.00,comephore
2024-05-30,59.00,comephore
2024-05-31,257.00,comephore
2024-06-01,0.00,comephore
2024-06-02,55.00,comephore
2024-06-03,0.00,comephore
2024-06-04,0.00,comephore
2024-06-05,0.00,comephore
2024-06-06,9.00,comephore
2024-06-07,0.00,comephore
2024-06-08,97.00,comephore
2024-06-09,0.00,comephore
2024-06-10,0.00,comephore
2024-06-11,4.00,comephore
2024-06-12,0.00,comephore
2024-06-13,0.00,comephore
2024-06-14,172.00,comephore
2024-06-15,148.00,comephore
2024-06-16,19.00,comephore
2024-06-17,75.00,comephore
2024-06-18,0.00,comephore
2024-06-19,0.00,comephore
2024-06-20,25.00,comephore
2024-06-21,99.00,comephore
2024-06-22,67.00,comephore
2024-06-23,0.00,comephore
2024-06-24,2.00,comephore
2024-06-25,0.00,comephore
2024-06-26,0.00,comephore
2024-06-27,0.00,comephore
2024-06-28,0.00,comephore
2024-06-29,74.00,comephore
2024-06-30,49.00,comephore
2024-07-01,0.00,comephore
2024-07-02,22.00,comephore
2024-07-03,2.00,comephore
2024-07-04,13.00,comephore
2024-07-05,0.00,comephore
2024-07-06,329.00,comephore
2024-07-07,0.00,comephore
2024-07-08,0.00,comephore
2024-07-09,27.00,comephore
2024-07-10,61.00,comephore
2024-07-11,10.00,comephore
2024-07-12,103.00,comephore
2024-07-13,0.00,comephore
2024-07-14,0.00,comephore
2024-07-15,55.00,comephore
2024-07-16,2.00,comephore
2024-07-17,0.00,comephore
2024-07-18,0.00,comephore
2024-07-19,0.00,comephore
2024-07-20,25.00,comephore
2024-07-21,9.00,comephore
2024-07-22,0.00,comephore
2024-07-23,0.00,comephore
2024-07-24,3.00,comephore
2024-07-25,0.00,comephore
2024-07-26,0.00,comephore
2024-07-27,6.00,comephore
2024-07-28,0.00,comephore
2024-07-29,0.00,comephore
2024-07-30,0.00,comephore
2024-07-31,0.00,comephore
2024-08-01,0.00,comephore
2024-08-02,6.00,comephore
2024-08-03,6.00,comephore
2024-08-04,0.00,comephore
2024-08-05,0.00,comephore
2024-08-06,0.00,comephore
2024-08-07,4.00,comephore
2024-08-08,0.00,comephore
2024-08-09,0.00,comephore
2024-08-10,0.00,comephore
2024-08-11,0.00,comephore
2024-08-12,0.00,comephore
2024-08-13,128.00,comephore
2024-08-14,15.00,comephore
2024-08-15,1.00,comephore
2024-08-16,0.00,comephore
2024-08-17,50.00,comephore
2024-08-18,131.00,comephore
2024-08-19,0.00,comephore
2024-08-20,0.00,comephore
2024-08-21,0.00,comephore
2024-08-22,0.00,comephore
2024-08-23,0.00,comephore
2024-08-24,295.00,comephore
2024-08-25,103.00,comephore
2024-08-26,0.00,comephore
2024-08-27,0.00,comephore
2024-08-28,0.00,comephore
2024-08-29,0.00,comephore
2024-08-30,0.00,comephore
2024-08-31,0.00,comephore
2024-09-01,0.00,comephore
2024-09-02,0.00,comephore
2024-09-03,122.00,comephore
2024-09-04,101.00,comephore
2024-09-05,138.00,comephore
2024-09-06,0.00,comephore
2024-09-07,154.00,comephore
2024-09-08,15.00,comephore
2024-09-09,80.00,comephore
2024-09-10,0.00,comephore
2024-09-11,217.00,comephore
2024-09-12,20.00,comephore
2024-09-13,13.00,comephore
2024-09-14,0.00,comephore
2024-09-15,0.00,comephore
2024-09-16,0.00,comephore
2024-09-17,0.00,comephore
2024-09-18,0.00,comephore
2024-09-19,0.00,comephore
2024-09-20,0.00,comephore
2024-09-21,0.00,comephore
2024-09-22,68.00,comephore
2024-09-23,81.00,comephore
2024-09-24,0.00,comephore
2024-09-25,49.00,comephore
2024-09-26,165.00,comephore
2024-09-27,77.00,comephore
2024-09-28,41.00,comephore
2024-09-29,0.00,comephore
2024-09-30,0.00,comephore
2024-10-01,0.00,comephore
2024-10-02,0.00,comephore
2024-10-03,22.00,comephore
2024-10-04,0.00,comephore
2024-10-05,0.00,comephore
2024-10-06,7.00,comephore
2024-10-07,509.00,comephore
2024-10-08,582.00,comephore
2024-10-09,22.00,comephore
2024-10-10,82.00,comephore
2024-10-11,0.00,comephore
2024-10-12,85.00,comephore
2024-10-13,12.00,comephore
2024-10-14,5.00,comephore
2024-10-15,28.00,comephore
2024-10-16,5.00,comephore
2024-10-17,181.00,comephore
2024-10-18,50.00,comephore
2024-10-19,0.00,comephore
2024-10-20,0.00,comephore
2024-10-21,0.00,comephore
2024-10-22,19.00,comephore
2024-10-23,0.00,comephore
2024-10-24,20.00,comephore
2024-10-25,11.00,comephore
2024-10-26,2.00,comephore
2024-10-27,0.00,comephore
2024-10-28,0.00,comephore
2024-10-29,0.00,comephore
2024-10-30,0.00,comephore
2024-10-31,0.00,comephore
2024-11-01,0.00,comephore
2024-11-02,0.00,comephore
2024-11-03,0.00,comephore
2024-11-04,0.00,comephore
2024-11-05,0.00,comephore
2024-11-06,0.00,comephore
2024-11-07,0.00,comephore
2024-11-08,0.00,comephore
2024-11-09,0.00,comephore
2024-11-10,0.00,comephore
2024-11-11,9.00,comephore
2024-11-12,0.00,comephore
2024-11-13,0.00,comephore
2024-11-14,0.00,comephore
2024-11-15,0.00,comephore
2024-11-16,0.00,comephore
2024-11-17,1.00,comephore
2024-11-18,1.00,comephore
2024-11-19,194.00,comephore
2024-11-20,16.00,comephore
2024-11-21,282.00,comephore
2024-11-22,3.00,comephore
2024-11-23,3.00,comephore
2024-11-24,0.00,comephore
2024-11-25,145.00,comephore
2024-11-26,7.00,comephore
2024-11-27,1.00,comephore
2024-11-28,110.00,comephore
2024-11-29,0.00,comephore
2024-11-30,0.00,comephore
2024-12-01,0.00,comephore
2024-12-02,174.00,comephore
2024-12-03,0.00,comephore
2024-12-04,0.00,comephore
2024-12-05,11.00,comephore
2024-12-06,46.00,comephore
2024-12-07,111.00,comephore
2024-12-08,93.00,comephore
2024-12-09,0.00,comephore
2024-12-10,0.00,comephore
2024-12-11,0.00,comephore
2024-12-12,0.00,comephore
2024-12-13,12.00,comephore
2024-12-14,11.00,comephore
2024-12-15,13.00,comephore
2024-12-16,0.00,comephore
2024-12-17,0.00,comephore
2024-12-18,1.00,comephore
2024-12-19,94.00,comephore
2024-12-20,0.00,comephore
2024-12-21,26.00,comephore
2024-12-22,134.00,comephore
2024-12-23,15.00,comephore
2024-12-24,0.00,comephore
2024-12-25,0.00,comephore
2024-12-26,0.00,comephore
2024-12-27,0.00,comephore
2024-12-28,0.00,comephore
2024-12-29,0.00,comephore
2024-12-30,0.00,comephore
2024-12-31,0.00,comephore
2025-01-01,0.00,comephore
2025-01-02,150.00,comephore
2025-01-03,0.00,comephore
2025-01-04,89.00,comephore
2025-01-05,54.00,comephore
2025-01-06,100.00,comephore
2025-01-07,7.00,comephore
2025-01-08,80.00,comephore
2025-01-09,100.00,comephore
2025-01-10,4.00,comephore
2025-01-11,0.00,comephore
2025-01-12,0.00,comephore
2025-01-13,0.00,comephore
2025-01-14,0.00,comephore
2025-01-15,0.00,comephore
2025-01-16,0.00,comephore
2025-01-17,0.00,comephore
2025-01-18,0.00,comephore
2025-01-19,0.00,comephore
2025-01-20,0.00,comephore
2025-01-21,0.00,comephore
2025-01-22,15.00,comephore
2025-01-23,50.00,comephore
2025-01-24,0.00,comephore
2025-01-25,232.00,comephore
2025-01-26,13.00,comephore
2025-01-27,170.00,comephore
2025-01-28,35.00,comephore
2025-01-29,1.00,comephore
2025-01-30,114.00,comephore
2025-01-31,1.00,comephore
2025-02-01,0.00,comephore
2025-02-02,0.00,comephore
2025-02-03,0.00,comephore
2025-02-04,0.00,comephore
2025-02-05,0.00,comephore
2025-02-06,0.00,comephore
2025-02-07,0.00,comephore
2025-02-08,5.00,comephore
2025-02-09,0.00,comephore
2025-02-10,61.00,comephore
2025-02-11,3.00,comephore
2025-02-12,1.00,comephore
2025-02-13,89.00,comephore
2025-02-14,0.00,comephore
2025-02-15,0.00,comephore
2025-02-16,0.00,comephore
2025-02-17,0.00,comephore
2025-02-18,0.00,comephore
2025-02-19,5.00,comephore
2025-02-20,3.00,comephore
2025-02-21,0.00,comephore
2025-02-22,46.00,comephore
2025-02-23,2.00,comephore
2025-02-24,7.00,comephore
2025-02-25,184.00,comephore
2025-02-26,71.00,comephore
2025-02-27,21.00,comephore
2025-02-28,0.00,comephore
2025-03-01,0.00,comephore
2025-03-02,0.00,comephore
2025-03-03,0.00,comephore
2025-03-04,0.00,comephore
2025-03-05,0.00,comephore
2025-03-06,0.00,comephore
2025-03-07,0.00,comephore
2025-03-08,0.00,comephore
2025-03-09,1.00,comephore
2025-03-10,17.00,comephore
2025-03-11,10.00,comephore
2025-03-12,138.00,comephore
2025-03-13,99.00,comephore
2025-03-14,0.00,comephore
2025-03-15,79.00,comephore
2025-03-16,78.00,comephore
2025-03-17,0.00,comephore
2025-03-18,0.00,comephore
2025-03-19,0.00,comephore
2025-03-20,0.00,comephore
2025-03-21,0.00,comephore
2025-03-22,50.00,comephore
2025-03-23,27.00,comephore
2025-03-24,6.00,comephore
2025-03-25,0.00,comephore
2025-03-26,0.00,comephore
2025-03-27,0.00,comephore
2025-03-28,0.00,comephore
2025-03-29,0.00,comephore
2025-03-30,0.00,comephore
2025-03-31,0.00,comephore
2025-04-01,0.00,comephore
2025-04-02,0.00,comephore
2025-04-03,0.00,comephore
2025-04-04,0.00,comephore
2025-04-05,0.00,comephore
2025-04-06,0.00,comephore
2025-04-07,0.00,comephore
2025-04-08,0.00,comephore
2025-04-09,0.00,comephore
2025-04-10,0.00,comephore
2025-04-11,0.00,comephore
2025-04-12,0.00,comephore
2025-04-13,39.00,comephore
2025-04-14,91.00,comephore
2025-04-15,151.00,comephore
2025-04-16,238.00,comephore
2025-04-17,154.00,comephore
2025-04-18,0.00,comephore
2025-04-19,0.00,comephore
2025-04-20,36.00,comephore
2025-04-21,31.00,comephore
2025-04-22,0.00,comephore
2025-04-23,59.00,comephore
2025-04-24,35.00,comephore
2025-04-25,0.00,comephore
2025-04-26,0.00,comephore
2025-04-27,47.00,comephore
2025-04-28,0.00,comephore
2025-04-29,0.00,comephore
2025-04-30,0.00,comephore
2025-05-01,0.00,comephore
2025-05-02,0.00,comephore
2025-05-03,24.00,comephore
2025-05-04,69.00,comephore
2025-05-05,12.00,comephore
2025-05-06,0.00,comephore
2025-05-07,28.00,comephore
2025-05-08,0.00,comephore
2025-05-09,0.00,comephore
2025-05-10,0.00,comephore
2025-05-11,78.00,comephore
2025-05-12,48.00,comephore
2025-05-13,0.00,comephore
2025-05-14,0.00,comephore
2025-05-15,0.00,comephore
2025-05-16,0.00,comephore
2025-05-17,0.00,comephore
2025-05-18,0.00,comephore
2025-05-19,7.00,comephore
2025-05-20,29.00,comephore
2025-05-21,12.00,comephore
2025-05-22,212.00,comephore
2025-05-23,3.00,comephore
2025-05-24,0.00,comephore
2025-05-25,5.00,comephore
2025-05-26,19.00,comephore
2025-05-27,0.00,comephore
2025-05-28,28.00,comephore
2025-05-29,0.00,comephore
2025-05-30,0.00,comephore
2025-05-31,0.00,comephore
2025-06-01,0.00,comephore
2025-06-02,129.00,comephore
2025-06-03,109.00,comephore
2025-06-04,231.00,comephore
2025-06-05,1.00,comephore
2025-06-06,164.00,comephore
2025-06-07,53.00,comephore
2025-06-08,2.00,comephore
2025-06-09,0.00,comephore
2025-06-10,0.00,comephore
2025-06-11,0.00,comephore
2025-06-12,0.00,comephore
2025-06-13,0.00,comephore
2025-06-14,1.00,comephore
2025-06-15,118.00,comephore
2025-06-16,0.00,comephore
2025-06-17,0.00,comephore
2025-06-18,0.00,comephore
2025-06-19,0.00,comephore
2025-06-20,0.00,comephore
2025-06-21,0.00,comephore
2025-06-22,0.00,comephore
2025-06-23,19.00,comephore
2025-06-24,0.00,comephore
2025-06-25,0.00,comephore
2025-06-26,1.00,comephore
2025-06-27,0.00,comephore
2025-06-28,0.00,comephore
2025-06-29,0.00,comephore
2025-06-30,0.00,comephore
2025-07-01,0.00,comephore
2025-07-02,0.00,comephore
2025-07-03,0.00,comephore
2025-07-04,0.00,comephore
2025-07-05,0.00,comephore
2025-07-06,68.00,comephore
2025-07-07,36.00,comephore
2025-07-08,53.00,comephore
2025-07-09,0.00,comephore
2025-07-10,0.00,comephore
2025-07-11,0.00,comephore
2025-07-12,0.00,comephore
2025-07-13,90.00,comephore
2025-07-14,15.00,comephore
2025-07-15,0.00,comephore
2025-07-16,0.00,comephore
2025-07-17,11.00,comephore
2025-07-18,0.00,comephore
2025-07-19,54.00,comephore
2025-07-20,267.00,comephore
2025-07-21,59.00,comephore
2025-07-22,0.00,comephore
2025-07-23,0.00,comephore
2025-07-24,8.00,comephore
2025-07-25,29.00,comephore
2025-07-26,36.00,comephore
2025-07-27,104.00,comephore
2025-07-28,22.00,comephore
2025-07-29,0.00,comephore
2025-07-30,19.00,comephore
2025-07-31,0.00,comephore
2025-08-01,0.00,comephore
2025-08-02,28.00,comephore
2025-08-03,0.00,comephore
2025-08-04,0.00,comephore
2025-08-05,0.00,comephore
2025-08-06,1.00,comephore
2025-08-07,0.00,comephore
2025-08-08,0.00,comephore
2025-08-09,0.00,comephore
2025-08-10,0.00,comephore
2025-08-11,0.00,comephore
2025-08-12,0.00,comephore
2025-08-13,0.00,comephore
2025-08-14,0.00,comephore
2025-08-15,0.00,comephore
2025-08-16,0.00,comephore
2025-08-17,0.00,comephore
2025-08-18,0.00,comephore
2025-08-19,55.00,comephore
2025-08-20,75.00,comephore
2025-08-21,120.00,comephore
2025-08-22,0.00,comephore
2025-08-23,0.00,comephore
2025-08-24,0.00,comephore
2025-08-25,0.00,comephore
2025-08-26,81.00,comephore
2025-08-27,59.00,comephore
2025-08-28,291.00,comephore
2025-08-29,41.00,comephore
2025-08-30,37.00,comephore
2025-08-31,48.00,comephore
2025-09-01,11.00,comephore
2025-09-02,2.00,comephore
2025-09-03,0.00,comephore
2025-09-04,220.00,comephore
2025-09-05,0.00,comephore
2025-09-06,0.00,comephore
2025-09-07,0.00,comephore
2025-09-08,192.00,comephore
2025-09-09,84.00,comephore
2025-09-10,5.00,comephore
2025-09-11,22.00,comephore
2025-09-12,57.00,comephore
2025-09-13,43.00,comephore
2025-09-14,14.00,comephore
2025-09-15,4.00,comephore
2025-09-16,0.00,comephore
2025-09-17,0.00,comephore
2025-09-18,0.00,comephore
2025-09-19,0.00,comephore
2025-09-20,3.00,comephore
2025-09-21,171.00,comephore
2025-09-22,108.00,comephore
2025-09-23,71.00,comephore
2025-09-24,0.00,comephore
2025-09-25,7.00,comephore
2025-09-26,31.00,comephore
2025-09-27,0.00,comephore
2025-09-28,0.00,comephore
2025-09-29,0.00,comephore
2025-09-30,0.00,comephore
2025-10-01,0.00,comephore
2025-10-02,0.00,comephore
2025-10-03,2.00,comephore
2025-10-04,99.00,comephore
2025-10-05,7.00,comephore
2025-10-06,0.00,comephore
2025-10-07,0.00,comephore
2025-10-08,0.00,comephore
2025-10-09,0.00,comephore
2025-10-10,0.00,comephore
2025-10-11,0.00,comephore
2025-10-12,0.00,comephore
2025-10-13,0.00,comephore
2025-10-14,0.00,comephore
2025-10-15,0.00,comephore
2025-10-16,0.00,comephore
2025-10-17,0.00,comephore
2025-10-18,0.00,comephore
2025-10-19,0.00,comephore
2025-10-20,87.00,comephore
2025-10-21,10.00,comephore
2025-10-22,148.00,comephore
2025-10-23,185.00,comephore
2025-10-24,6.00,comephore
2025-10-25,112.00,comephore
2025-10-26,59.00,comephore
2025-10-27,149.00,comephore
2025-10-28,11.00,comephore
2025-10-29,71.00,comephore
2025-10-30,52.00,comephore
2025-10-31,0.00,comephore
2025-11-01,0.00,comephore
2025-11-02,91.00,comephore
2025-11-03,17.00,comephore
2025-11-04,0.00,comephore
2025-11-05,0.00,comephore
2025-11-06,0.00,comephore
2025-11-07,0.00,comephore
2025-11-08,0.00,comephore
2025-11-09,35.00,comephore
2025-11-10,0.00,comephore
2025-11-11,0.00,comephore
2025-11-12,0.00,comephore
2025-11-13,0.00,comephore
2025-11-14,2.00,comephore
2025-11-15,255.00,comephore
2025-11-16,157.00,comephore
2025-11-17,66.00,comephore
2025-11-18,0.00,comephore
2025-11-19,20.00,comephore
2025-11-20,50.00,comephore
2025-11-21,31.00,comephore
2025-11-22,0.00,comephore
2025-11-23,83.00,comephore
2025-11-24,336.00,comephore
2025-11-25,116.00,comephore
2025-11-26,21.00,comephore
2025-11-27,0.00,comephore
2025-11-28,6.00,comephore
2025-11-29,18.00,comephore
2025-11-30,157.00,comephore
2025-12-01,0.00,comephore
2025-12-02,3.00,comephore
2025-12-03,111.00,comephore
2025-12-04,25.00,comephore
2025-12-05,0.00,comephore
2025-12-06,11.00,comephore
2025-12-07,153.00,comephore
2025-12-08,34.00,comephore
2025-12-09,0.00,comephore
2025-12-10,2.00,comephore
2025-12-11,0.00,comephore
2025-12-12,0.00,comephore
2025-12-13,0.00,comephore
2025-12-14,0.00,comephore
2025-12-15,0.00,comephore
2025-12-16,0.00,comephore
2025-12-17,0.00,comephore
2025-12-18,0.00,comephore
2025-12-19,5.00,comephore
2025-12-20,107.00,comephore
2025-12-21,1.00,comephore
2025-12-22,0.00,comephore
2025-12-23,0.00,comephore
2025-12-24,2.00,comephore
2025-12-25,0.00,comephore
2025-12-26,0.00,comephore
2025-12-27,0.00,comephore
2025-12-28,0.00,comephore
2025-12-29,0.00,comephore
2025-12-30,0.00,comephore
2025-12-31,0.00,comephore
2026-01-01,0.00,comephore
2026-01-02,11.00,comephore
2026-01-03,4.00,comephore
2026-01-04,0.00,comephore
2026-01-05,0.00,comephore
2026-01-06,0.00,comephore
2026-01-07,3.00,comephore
2026-01-08,100.00,comephore
2026-01-09,25.00,comephore
2026-01-10,28.00,comephore
2026-01-11,10.00,comephore
2026-01-12,1.00,comephore
2026-01-13,0.00,comephore
2026-01-14,0.00,comephore
2026-01-15,16.00,comephore
2026-01-16,0.00,comephore
2026-01-17,2.00,comephore
2026-01-18,0.00,comephore
2026-01-19,0.00,comephore
2026-01-20,0.00,comephore
2026-01-21,0.00,comephore
2026-01-22,11.00,comephore
2026-01-23,148.00,comephore
2026-01-24,0.00,comephore
2026-01-25,17.00,comephore
2026-01-26,12.00,comephore
2026-01-27,187.00,comephore
2026-01-28,262.00,comephore
2026-01-29,26.00,comephore
2026-01-30,56.00,comephore
2026-01-31,1.00,comephore
2026-02-01,0.00,comephore
2026-02-02,4.00,comephore
2026-02-03,45.00,comephore
2026-02-04,0.00,comephore
2026-02-05,59.00,comephore
2026-02-06,37.00,comephore
2026-02-07,0.00,comephore
2026-02-08,0.00,comephore
2026-02-09,0.00,comephore
2026-02-10,142.00,comephore
2026-02-11,150.00,comephore
2026-02-12,121.00,comephore
2026-02-13,2.00,comephore
2026-02-14,45.00,comephore
2026-02-15,58.00,comephore
2026-02-16,52.00,comephore
2026-02-17,7.00,comephore
2026-02-18,43.00,comephore
2026-02-19,134.00,comephore
2026-02-20,11.00,comephore
2026-02-21,17.00,comephore
2026-02-22,0.00,comephore
2026-02-23,22.00,comephore
2026-02-24,0.00,comephore
2026-02-25,0.00,comephore
2026-02-26,0.00,comephore
2026-02-27,0.00,comephore
2026-02-28,11.00,comephore
2026-03-01,0.00,comephore
2026-03-02,0.00,comephore
2026-03-03,0.00,comephore
2026-03-04,0.00,comephore
2026-03-05,4.00,comephore
2026-03-06,0.00,comephore
2026-03-07,0.00,comephore
2026-03-08,0.00,comephore
2026-03-09,7.00,comephore
2026-03-10,24.00,comephore
2026-03-11,134.00,comephore
2026-03-12,0.00,comephore
2026-03-13,45.00,comephore
2026-03-14,319.00,comephore
2026-03-15,0.00,comephore
2026-03-16,1.00,comephore
2026-03-17,0.00,comephore
2026-03-18,0.00,comephore
2026-03-19,0.00,comephore
2026-03-20,0.00,comephore
2026-03-21,0.00,comephore
2026-03-22,0.00,comephore
2026-03-23,0.00,comephore
2026-03-24,0.00,comephore
2026-03-25,32.00,comephore
2026-03-26,38.00,comephore
2026-03-27,0.00,comephore
2026-03-28,22.00,comephore
2026-03-29,0.00,comephore
2026-03-30,41.00,comephore
2026-03-31,0.00,comephore
2026-04-01,0.00,comephore
2026-04-02,0.00,comephore
2026-04-03,4.00,comephore
2026-04-04,22.00,comephore
2026-04-05,0.00,comephore
2026-04-06,0.00,comephore
2026-04-07,0.00,comephore
2026-04-08,0.00,comephore
2026-04-09,0.00,comephore
2026-04-10,0.00,comephore
2026-04-11,76.00,comephore
2026-04-12,155.00,comephore
2026-04-13,104.00,comephore
2026-04-14,0.00,comephore
2026-04-15,0.00,comephore
2026-04-16,0.00,comephore
2026-04-17,0.00,comephore
2026-04-18,0.00,comephore
2026-04-19,0.00,comephore
2026-04-20,0.00,comephore
2026-04-21,0.00,comephore
2026-04-22,0.00,comephore
2026-04-23,0.00,comephore
2026-04-24,0.00,comephore
2026-04-25,0.00,comephore
2026-04-26,0.00,comephore
2026-04-27,0.00,comephore
2026-04-28,3.00,comephore
2026-04-29,0.00,comephore
2026-04-30,0.00,comephore
2026-05-01,0.00,comephore
2026-05-02,0.00,comephore
2026-05-03,1.00,comephore
2026-05-04,40.00,comephore
2026-05-05,96.00,comephore
2026-05-06,249.00,comephore
2026-05-07,5.00,comephore
2026-05-08,0.00,comephore
2026-05-09,0.00,comephore
2026-05-10,17.00,comephore
2026-05-11,228.00,comephore
2026-05-12,5.00,comephore
2026-05-13,14.00,comephore
2026-05-14,95.00,comephore
2026-05-15,14.00,comephore
2026-05-16,26.00,comephore
2026-05-17,4.00,comephore
2026-05-18,12.00,comephore
2026-05-19,25.00,comephore
2026-05-20,1.00,comephore
2026-05-21,0.00,comephore
2026-05-22,0.00,comephore
2026-05-23,0.00,comephore
2026-05-24,0.00,comephore
2026-05-25,0.00,comephore
2026-05-26,0.00,comephore
2026-05-27,0.00,comephore
2026-05-28,0.00,comephore
2026-05-29,0.00,comephore
2026-05-30,0.00,comephore
2026-05-31,69.00,comephore
2026-06-01,0.00,comephore
2026-06-02,101.00,comephore
2026-06-03,6.00,comephore
2026-06-04,134.00,comephore
2026-06-05,3.00,comephore
2026-06-06,0.00,comephore
2026-06-07,0.00,comephore
2026-06-08,21.00,comephore
2026-06-09,7.00,comephore
2026-06-10,14.00,comephore
2026-06-11,0.00,comephore
2026-06-12,0.00,comephore
2026-06-13,0.00,comephore
2026-06-14,0.00,comephore
2026-06-15,0.00,comephore
2026-06-16,0.00,comephore
2026-06-17,0.00,comephore
2026-06-18,0.00,comephore
2026-06-19,0.00,comephore
2026-06-20,0.00,comephore
2026-06-21,0.00,comephore
2026-06-22,0.00,comephore
2026-06-23,0.00,comephore
2026-06-24,0.00,comephore
2026-06-25,0.00,comephore
2026-06-26,0.00,comephore
2026-06-27,0.00,comephore
2026-06-28,9.00,comephore
2026-06-29,81.00,comephore
2026-06-30,0.00,comephore
2026-07-01,0.00,comephore
2026-08-25,0.28,antilope
